time_seconds,total_vibration,rms_x,rms_y,rms_z
0.020,0.009834,0.005295,0.006050,0.005663
0.020,0.534327,0.007656,0.007622,0.534218
0.030,0.534423,0.007762,0.007657,0.534312
0.040,0.534435,0.007763,0.007700,0.534324
0.050,0.534380,0.007790,0.008172,0.534260
0.060,0.534345,0.008141,0.008177,0.534220
0.070,0.534365,0.008224,0.008184,0.534239
0.080,0.534363,0.008500,0.008576,0.534227
0.090,0.534371,0.008527,0.008589,0.534234
0.100,0.534299,0.008282,0.008274,0.534170
0.110,0.534158,0.008697,0.008385,0.534021
0.120,0.534165,0.008861,0.008437,0.534025
0.130,0.534128,0.008871,0.008575,0.533985
0.140,0.534120,0.008818,0.008641,0.533977
0.150,0.534071,0.008674,0.008322,0.533935
0.160,0.534129,0.008680,0.008357,0.533993
0.170,0.534066,0.008511,0.008102,0.533936
0.180,0.533967,0.008516,0.008102,0.533837
0.190,0.533787,0.008569,0.008145,0.533656
0.200,0.533803,0.008479,0.008041,0.533675
0.210,0.533587,0.008487,0.008162,0.533457
0.220,0.009887,0.006215,0.006565,0.004003
0.230,0.009606,0.005795,0.006420,0.004180
0.240,0.009690,0.005795,0.006434,0.004351
0.250,0.009589,0.005997,0.006089,0.004349
0.260,0.009228,0.005449,0.005881,0.004568
0.270,0.009351,0.005399,0.006122,0.004562
0.280,0.008919,0.005049,0.005712,0.004630
0.290,0.008993,0.005188,0.005669,0.004671
0.300,0.009128,0.005232,0.005606,0.004952
0.310,0.008370,0.004690,0.005016,0.004784
0.320,0.008459,0.004324,0.005287,0.004991
0.330,0.008971,0.004466,0.005226,0.005764
0.340,0.008964,0.004497,0.005163,0.005786
0.350,0.008837,0.004496,0.004941,0.005785
0.360,0.008988,0.004535,0.005128,0.005824
0.370,0.009404,0.005198,0.004978,0.006052
0.380,0.009407,0.005110,0.005029,0.006090
0.390,0.009461,0.004925,0.004978,0.006362
0.400,0.009588,0.005066,0.005098,0.006347
0.410,0.009228,0.004890,0.004984,0.006034
0.420,0.008826,0.004935,0.004305,0.005917
0.430,0.009070,0.004745,0.004656,0.006170
0.440,0.009305,0.005075,0.004674,0.006243
0.450,0.009427,0.004943,0.004713,0.006498
0.460,0.009396,0.005006,0.004660,0.006443
0.470,0.009299,0.004976,0.004401,0.006507
0.480,0.009232,0.004976,0.004591,0.006277
0.490,0.009106,0.004772,0.004556,0.006277
0.500,0.009085,0.004721,0.004619,0.006237
0.510,0.008471,0.004445,0.004547,0.005597
0.520,0.008470,0.004956,0.004250,0.005396
0.530,0.007897,0.004725,0.004322,0.004622
0.540,0.008271,0.005243,0.004374,0.004668
0.550,0.008226,0.005536,0.003896,0.004673
0.560,0.008183,0.005395,0.004016,0.004661
0.570,0.007781,0.004954,0.004004,0.004469
0.580,0.007961,0.005195,0.003999,0.004516
0.590,0.007955,0.005244,0.004054,0.004399
0.600,0.008524,0.005186,0.005106,0.004437
0.610,0.009601,0.005854,0.006066,0.004595
0.620,0.009696,0.005872,0.006044,0.004798
0.630,0.009763,0.005920,0.005889,0.005059
0.640,0.009759,0.005981,0.005827,0.005051
0.650,0.009837,0.005966,0.005751,0.005301
0.660,0.010316,0.006143,0.006196,0.005503
0.670,0.010687,0.006341,0.006586,0.005534
0.680,0.010681,0.006325,0.006629,0.005490
0.690,0.010672,0.006303,0.006624,0.005503
0.700,0.010894,0.006481,0.006629,0.005721
0.710,0.011051,0.006707,0.006639,0.005751
0.720,0.011045,0.006522,0.006713,0.005864
0.730,0.011142,0.006616,0.006631,0.006034
0.740,0.010986,0.006298,0.006705,0.006005
0.750,0.011396,0.006874,0.006734,0.006105
0.760,0.011339,0.006820,0.006508,0.006302
0.770,0.011312,0.006824,0.006575,0.006178
0.780,0.011378,0.006804,0.006854,0.006016
0.790,0.011196,0.006823,0.006661,0.005867
0.800,0.010777,0.006748,0.006051,0.005831
0.810,0.009823,0.006206,0.005084,0.005668
0.820,0.009716,0.006269,0.005079,0.005414
0.830,0.009499,0.006309,0.005187,0.004850
0.840,0.012351,0.008167,0.007745,0.005085
0.850,0.015049,0.009711,0.009650,0.006249
0.860,0.016982,0.011596,0.010795,0.006115
0.870,0.017450,0.012158,0.010476,0.006852
0.880,0.018352,0.013083,0.010756,0.007066
0.890,0.023884,0.016718,0.015420,0.007293
0.900,0.051692,0.032643,0.037110,0.015144
0.910,0.056932,0.039021,0.038058,0.016438
0.920,0.059330,0.039342,0.038837,0.021540
0.930,0.062723,0.040518,0.042046,0.022905
0.940,0.063917,0.041690,0.042404,0.023435
0.950,0.064672,0.042484,0.042424,0.024037
0.960,0.067143,0.045091,0.042822,0.025321
0.970,0.067683,0.045260,0.043270,0.025695
0.980,0.069564,0.045204,0.044642,0.028335
0.990,0.073319,0.048826,0.046691,0.028488
1.000,0.077175,0.054445,0.046691,0.028489
1.010,0.078323,0.054534,0.048383,0.028629
1.020,0.081781,0.055661,0.051692,0.030298
1.030,0.085357,0.060114,0.052388,0.030456
1.040,0.085468,0.060083,0.052575,0.030505
1.050,0.087505,0.062005,0.053585,0.030676
1.060,0.087226,0.061601,0.053451,0.030932
1.070,0.089259,0.064298,0.053690,0.030827
1.080,0.093303,0.067025,0.056777,0.031456
1.090,0.092395,0.066779,0.055572,0.031449
1.100,0.088126,0.069492,0.046185,0.028355
1.110,0.086428,0.066999,0.046496,0.028621
1.120,0.087797,0.070386,0.046012,0.025239
1.130,0.097230,0.081844,0.046011,0.025261
1.140,0.102657,0.087299,0.047949,0.024866
1.150,0.104924,0.088808,0.050435,0.024052
1.160,0.112865,0.098363,0.050246,0.023205
1.170,0.125770,0.112689,0.051028,0.022704
1.180,0.129059,0.115194,0.054680,0.019917
1.190,0.136308,0.121363,0.058385,0.021024
1.200,0.159189,0.145981,0.058888,0.023722
1.210,0.177713,0.165956,0.058313,0.025305
1.220,0.182252,0.167203,0.066132,0.029757
1.230,0.189764,0.170059,0.078550,0.030336
1.240,0.212690,0.192631,0.084568,0.031283
1.250,0.239219,0.221847,0.084016,0.030837
1.260,0.254280,0.235496,0.090703,0.031188
1.270,0.258579,0.234832,0.103313,0.032302
1.280,0.270922,0.243946,0.113512,0.031691
1.290,0.297801,0.270146,0.121101,0.032269
1.300,0.327342,0.302313,0.121334,0.032211
1.310,0.346849,0.322374,0.123754,0.032625
1.320,0.354977,0.326104,0.136091,0.033820
1.330,0.359970,0.323756,0.153843,0.033061
1.340,0.388483,0.347323,0.170409,0.035316
1.350,0.444181,0.403410,0.181425,0.040523
1.360,0.510689,0.473756,0.185545,0.043954
1.370,0.583356,0.551121,0.186120,0.043931
1.380,0.658526,0.629138,0.189078,0.045731
1.390,0.721401,0.689908,0.205110,0.048753
1.400,0.813278,0.755001,0.297699,0.052623
1.410,0.879530,0.814851,0.325618,0.059705
1.420,0.950226,0.890966,0.325408,0.056726
1.430,1.000016,0.938739,0.339934,0.056972
1.440,1.034363,0.938366,0.427276,0.082536
1.450,1.133667,0.937015,0.623631,0.135233
1.460,1.251449,0.966734,0.775290,0.174574
1.470,1.518248,1.100600,1.012298,0.262701
1.480,1.644238,1.188313,1.099344,0.287876
1.490,1.668274,1.194435,1.120671,0.317113
1.500,1.846948,1.204373,1.347437,0.380943
1.510,2.038955,1.275810,1.517163,0.477351
1.520,2.108486,1.332452,1.518737,0.603093
1.530,2.133020,1.337801,1.548047,0.603005
1.540,2.310915,1.394642,1.682956,0.750304
1.550,2.506883,1.579178,1.770046,0.810926
1.560,2.534370,1.622909,1.769572,0.811059
1.570,2.772863,1.664952,2.012592,0.930684
1.580,3.098734,1.878733,2.223432,1.062482
1.590,3.122769,1.919451,2.221004,1.065147
1.600,3.394381,1.961758,2.495037,1.203379
1.610,3.688941,2.127793,2.682621,1.372707
1.620,3.699898,2.132693,2.693795,1.372711
1.630,4.111086,2.181214,3.079528,1.630903
1.640,4.423368,2.233928,3.295329,1.927836
1.650,4.421371,2.232063,3.295259,1.925535
1.660,4.556556,2.246735,3.372241,2.083837
1.670,4.620210,2.179664,3.354970,2.310754
1.680,4.772097,2.213138,3.542448,2.307812
1.690,5.030603,2.208087,3.806612,2.437422
1.700,5.045519,2.320250,3.756510,2.441790
1.710,5.216714,2.447322,3.872059,2.496373
1.720,5.245505,2.416522,3.884419,2.566523
1.730,5.431255,2.430325,4.042235,2.693026
1.740,5.694738,2.422853,4.195616,2.992762
1.750,5.707524,2.359337,4.257668,2.980205
1.760,5.910284,2.324454,4.482490,3.071751
1.770,5.928968,2.418953,4.480561,3.037417
1.780,6.135646,2.283629,4.736478,3.161798
1.790,6.181134,2.249864,4.753836,3.247394
1.800,6.162176,2.185259,4.638522,3.417773
1.810,6.177344,2.074945,4.540019,3.639011
1.820,6.345258,2.166900,4.702827,3.667460
1.830,6.202577,2.094027,4.505710,3.712894
1.840,6.121603,2.143486,4.457069,3.607496
1.850,6.318322,2.244882,4.442494,3.891779
1.860,6.288454,2.411688,4.384955,3.807963
1.870,6.213754,2.452184,4.358602,3.687835
1.880,6.141813,2.450267,4.233551,3.714176
1.890,6.043508,2.538693,4.018823,3.732035
1.900,6.240177,2.799068,4.150266,3.725631
1.910,6.151612,2.679845,4.039632,3.787101
1.920,6.280931,2.844821,4.172510,3.734601
1.930,6.453689,2.865476,4.305010,3.860833
1.940,6.281116,2.839415,4.135849,3.779537
1.950,6.284638,2.788117,4.134909,3.824344
1.960,6.455184,2.823070,4.075166,4.134331
1.970,6.408376,2.694923,3.947650,4.268575
1.980,6.110886,2.677130,3.601873,4.147580
1.990,6.250249,2.744421,3.647417,4.269674
2.000,6.144610,2.755254,3.601729,4.146366
2.010,5.977182,2.688201,3.636540,3.908434
2.020,5.873011,2.708142,3.448157,3.907485
2.030,5.754675,2.749944,3.361616,3.775399
2.040,5.752879,2.763912,3.385559,3.740908
2.050,5.690251,2.847407,3.480692,3.486547
2.060,5.621765,2.750619,3.453474,3.480209
2.070,5.921174,2.803487,3.695539,3.680184
2.080,6.123299,2.748820,3.747512,3.986845
2.090,6.066335,2.671580,3.797547,3.904064
2.100,6.104610,2.306320,3.719298,4.256051
2.110,6.203464,2.509567,3.760548,4.247743
2.120,6.288902,2.369864,3.834508,4.385268
2.130,6.075583,2.356416,3.498138,4.372990
2.140,6.110561,2.382925,3.643951,4.287452
2.150,6.254621,2.381852,3.678067,4.463058
2.160,5.943733,2.372465,3.517788,4.162275
2.170,5.856025,2.369180,3.522341,4.033997
2.180,5.895227,2.500684,3.440863,4.081757
2.190,5.893674,2.473860,3.646811,3.913590
2.203,5.980506,2.495016,3.779180,3.906297
2.210,6.030894,2.525371,3.837734,3.907170
2.220,6.108374,2.483598,3.924735,3.967420
2.230,6.158091,2.621030,3.925476,3.955114
2.240,6.190888,2.574537,3.845222,4.112557
2.250,6.200931,2.637991,3.850333,4.082583
2.261,6.345345,2.671020,3.930672,4.204625
2.270,6.194801,2.764068,3.798591,4.038093
2.280,6.003800,2.842961,3.762743,3.715502
2.290,6.211619,3.057748,3.896475,3.748582
2.300,5.998843,3.045350,3.968244,3.311345
2.310,5.919668,3.084737,3.886472,3.228343
2.320,5.798134,3.057384,3.786460,3.151743
2.330,5.717407,3.041634,3.789051,3.013353
2.340,5.620651,3.026519,3.707310,2.947499
2.350,5.483978,3.038124,3.639428,2.756515
2.360,5.599216,3.161278,3.684948,2.789031
2.370,5.631672,3.201363,3.690789,2.800908
2.380,5.529737,3.074525,3.705074,2.719875
2.390,5.427034,3.065284,3.557491,2.720476
2.395,5.428452,3.158591,3.524190,2.659225
2.410,5.374313,3.164293,3.434224,2.660187
2.420,5.202901,3.113412,3.311192,2.532361
2.430,5.136805,3.001646,3.311165,2.532404
2.435,4.973236,2.967349,3.294419,2.252715
2.449,4.843983,2.735503,3.299076,2.257719
2.459,4.750324,2.756425,3.286227,2.041669
2.469,4.615304,2.704062,3.167111,1.989596
2.479,4.539403,2.638166,3.104997,2.001313
2.489,4.354757,2.514337,2.977042,1.944028
2.499,4.436573,2.513445,2.982177,2.114804
2.509,4.494473,2.506650,3.082336,2.101474
2.519,4.604855,2.524671,3.084485,2.305793
2.529,4.836961,2.716232,3.355297,2.181800
2.539,5.107640,2.940305,3.343778,2.502347
2.549,5.161198,2.984843,3.292695,2.624278
2.559,5.807088,3.416335,3.625574,2.984316
2.569,6.210620,3.399634,4.186058,3.080780
2.579,6.537344,3.918218,4.240017,3.067033
2.589,6.805234,3.914921,4.411595,3.394471
2.599,6.898301,4.108622,4.383376,3.389956
2.609,7.477718,4.109345,4.625768,4.199026
2.619,7.726252,4.391189,4.689018,4.292499
2.629,7.867508,4.387126,4.874379,4.346405
2.639,7.972857,4.561212,4.879891,4.352984
2.649,8.008332,4.622088,4.821886,4.418042
2.659,8.203918,4.769935,4.938181,4.490698
2.669,8.352934,4.880659,4.904111,4.679782
2.679,8.540005,4.885967,5.136980,4.761351
2.689,8.785845,5.233585,5.176449,4.796356
2.699,8.979446,5.234882,5.457750,4.841428
2.709,9.151458,5.586599,5.381606,4.855659
2.719,9.072577,5.581129,5.305983,4.796790
2.729,9.165567,5.532598,5.254169,5.078552
2.739,9.460593,5.748397,5.399658,5.225174
2.749,9.578705,5.733305,5.620243,5.224335
2.759,9.341537,5.649052,5.471632,5.041207
2.769,9.253738,5.702445,5.095473,5.210560
2.779,9.179263,5.407570,5.089641,5.395610
2.789,9.148613,5.588983,4.988961,5.250777
2.799,9.053449,5.407339,4.953243,5.309519
2.809,8.926795,5.517329,5.054671,4.867963
2.819,8.844885,5.381443,4.984650,4.942199
2.829,8.890498,5.384719,4.891928,5.110264
2.839,9.077333,5.581735,4.962153,5.159383
2.849,9.218989,5.516048,5.010959,5.427087
2.859,9.316442,5.607752,5.155557,5.363715
2.869,9.306150,5.544223,5.192047,5.376678
2.879,9.340041,5.547230,5.040865,5.572638
2.889,9.334485,5.442297,5.067374,5.642317
2.899,9.628803,5.449229,5.146430,6.044337
2.909,9.627004,5.277119,5.264163,6.092603
2.919,9.731945,5.267635,5.475264,6.081469
2.929,9.652058,5.324703,5.363812,6.003272
2.939,9.496135,5.144256,5.293043,5.974688
2.949,9.816138,5.187707,5.483750,6.274772
2.959,9.880145,5.207972,5.433405,6.400970
2.969,9.851776,5.140836,5.572545,6.290947
2.979,9.911229,5.187151,5.590316,6.330425
2.989,9.977469,5.192979,5.532826,6.478479
2.999,10.196494,5.193041,5.631759,6.729346
3.009,10.113557,5.258613,5.529897,6.637112
3.019,10.092593,5.224327,5.561827,6.605521
3.029,10.043684,5.227634,5.504536,6.576284
3.039,9.923985,4.993328,5.524706,6.559708
3.049,9.756810,5.027818,5.486806,6.309622
3.059,9.618291,4.761076,5.302668,6.459519
3.069,9.598313,4.821485,5.388060,6.312661
3.079,9.412019,4.819642,5.339966,6.069755
3.089,9.182380,4.409558,5.148822,6.193669
3.099,8.702585,4.528508,4.820776,5.655768
3.109,8.538843,4.293236,4.647169,5.734438
3.119,8.409431,4.282369,4.457936,5.701462
3.129,8.409059,4.306295,4.704741,5.480283
3.139,8.112034,4.074452,4.543397,5.344295
3.149,7.531400,4.036703,4.036167,4.912878
3.159,7.278871,3.715345,4.068346,4.756756
3.169,7.182953,3.813511,3.899707,4.673781
3.179,7.015173,3.762951,3.863437,4.486280
3.189,6.774466,3.422140,3.961833,4.299562
3.199,6.518386,3.511040,3.971636,3.793159
3.209,6.242552,3.258990,3.700583,3.828069
3.219,6.095215,3.168357,3.646451,3.717063
3.229,6.096078,3.200789,3.823700,3.506627
3.239,5.870754,3.004006,3.654003,3.477063
3.249,5.975180,2.964229,3.675859,3.661172
3.259,5.812611,2.938333,3.653429,3.435856
3.269,5.739543,2.807896,3.640686,3.435620
3.279,5.739219,2.868020,3.637850,3.388089
3.289,5.635697,2.875751,3.624617,3.217654
3.299,5.434373,2.689904,3.452334,3.221523
3.309,5.276864,2.560682,3.479989,3.029502
3.319,5.242916,2.623791,3.509575,2.878675
3.329,4.991987,2.500086,3.172176,2.933736
3.339,4.935458,2.339500,3.203666,2.936325
3.349,4.829328,2.344146,3.257305,2.686513
3.359,4.718188,2.375049,3.107748,2.638626
3.369,4.641663,2.229607,3.094784,2.645033
3.379,4.443502,2.172426,2.962053,2.500303
3.389,4.279634,2.159623,2.792573,2.419262
3.399,4.101292,2.009388,2.642336,2.408530
3.409,4.053123,1.947988,2.700680,2.310731
3.419,4.045892,1.995716,2.693550,2.265204
3.429,3.788448,1.946215,2.398521,2.193555
3.439,3.720314,1.837613,2.394352,2.175086
3.449,3.410587,1.760249,2.299802,1.801259
3.459,3.272039,1.742603,2.108829,1.795108
3.469,3.050025,1.592057,1.857933,1.821014
3.479,2.980397,1.424041,1.873357,1.829045
3.489,2.749424,1.400831,1.873310,1.444894
3.499,2.714086,1.419170,1.813573,1.436374
3.509,2.601206,1.353025,1.717725,1.408906
3.519,2.473790,1.241148,1.612201,1.407123
3.529,2.300142,1.116388,1.537417,1.296410
3.539,2.248897,1.120209,1.500247,1.245764
3.549,2.244673,1.125368,1.447863,1.294526
3.559,2.095770,1.019867,1.297816,1.291432
3.569,2.040070,0.930339,1.296397,1.271107
3.579,1.959631,0.861896,1.291197,1.195867
3.589,1.922124,0.856302,1.296078,1.132030
3.599,1.890581,0.849921,1.254627,1.130417
3.609,1.817048,0.843582,1.070652,1.201557
3.619,1.736011,0.701929,1.020964,1.216002
3.629,1.690966,0.584603,1.032147,1.205105
3.639,1.656406,0.552547,0.994598,1.203805
3.649,1.588907,0.531844,0.935929,1.168677
3.659,1.517091,0.524158,0.906736,1.097567
3.669,1.503311,0.524198,0.909540,1.076056
3.679,1.467687,0.503370,0.889727,1.053143
3.689,1.441727,0.490513,0.894492,1.018753
3.699,1.431731,0.483676,0.891932,1.010133
3.709,1.432487,0.457077,0.885473,1.029095
3.719,1.414316,0.474304,0.917428,0.966256
3.729,1.344331,0.445738,0.821876,0.965953
3.739,1.311854,0.428507,0.829149,0.921875
3.749,1.251300,0.444057,0.813329,0.840868
3.759,1.311964,0.490676,0.865698,0.855017
3.769,1.348921,0.492974,0.919648,0.854875
3.779,1.332665,0.508849,0.923943,0.814493
3.789,1.345177,0.510803,0.886126,0.873706
3.799,1.311589,0.510691,0.836920,0.871221
3.809,1.207840,0.481761,0.833786,0.729099
3.819,1.221435,0.487478,0.851484,0.727492
3.829,1.241750,0.514901,0.854919,0.738873
3.839,1.215500,0.504517,0.822599,0.739077
3.849,1.245167,0.519916,0.814035,0.785796
3.859,1.476276,0.546915,1.122615,0.787408
3.869,1.560346,0.550898,1.182665,0.855859
3.879,1.571480,0.593910,1.180032,0.851086
3.889,1.596620,0.599748,1.170728,0.904928
3.899,1.600161,0.604274,1.171309,0.907417
3.909,1.581313,0.604759,1.159552,0.888964
3.919,1.607280,0.608569,1.133711,0.963167
3.929,1.675879,0.659264,1.169490,1.003112
3.939,1.713347,0.640831,1.167648,1.077725
3.949,1.744921,0.623069,1.239345,1.058564
3.959,1.712264,0.608400,1.207664,1.050356
3.969,1.711227,0.628001,1.185122,1.062731
3.979,1.677200,0.596433,1.200476,1.008029
3.989,1.680797,0.598476,1.221450,0.987404
3.999,1.730566,0.622210,1.255963,1.015022
4.009,1.720252,0.592619,1.257177,1.013695
4.019,1.692748,0.603323,1.239023,0.982964
4.029,1.682024,0.612433,1.194721,1.013298
4.039,1.751444,0.627390,1.285102,1.011163
4.049,1.781406,0.615061,1.321899,1.023568
4.059,1.643521,0.620830,1.128256,1.021161
4.069,1.583332,0.613713,1.078291,0.983659
4.079,1.582595,0.558362,1.058785,1.035284
4.089,1.569240,0.572041,1.055206,1.010853
4.099,1.731007,0.585914,1.215248,1.084557
4.109,1.764058,0.594437,1.279661,1.058779
4.119,1.753635,0.604567,1.301088,1.008417
4.129,1.734524,0.578619,1.262028,1.039740
4.139,1.681612,0.578299,1.267215,0.942102
4.149,1.641684,0.561532,1.219104,0.945301
4.159,1.695217,0.636502,1.257967,0.941353
4.169,1.708140,0.613648,1.274038,0.958126
4.179,1.689994,0.592848,1.274784,0.937835
4.189,1.677177,0.629531,1.215943,0.968554
4.199,1.691013,0.639190,1.246112,0.947716
4.209,1.755204,0.641797,1.290023,1.002336
4.219,1.761825,0.642575,1.286682,1.017631
4.229,1.765586,0.664437,1.303315,0.988528
4.239,1.785405,0.661874,1.275443,1.059640
4.249,1.765048,0.684177,1.287565,0.994723
4.259,1.775783,0.668406,1.307477,0.998569
4.269,1.783891,0.701524,1.285731,1.018347
4.279,1.791910,0.703413,1.322739,0.983114
4.289,1.885488,0.746886,1.421922,0.987605
4.299,1.793218,0.744156,1.311101,0.971018
4.309,1.754191,0.753883,1.250216,0.972526
4.319,1.839758,0.758619,1.334578,1.013957
4.329,1.816346,0.743342,1.353975,0.955670
4.339,1.819917,0.764087,1.348599,0.953704
4.349,1.853103,0.770101,1.383596,0.962599
4.359,1.841540,0.736929,1.384255,0.965424
4.369,1.844842,0.761718,1.368175,0.975359
4.379,1.862431,0.781767,1.380925,0.974954
4.389,1.967300,0.777936,1.553527,0.922843
4.399,1.952879,0.742449,1.489112,1.022279
4.409,1.940045,0.765343,1.486157,0.984562
4.419,2.050142,0.774500,1.611559,1.003050
4.429,2.032386,0.743967,1.597915,1.011817
4.439,2.021622,0.773588,1.623613,0.923253
4.449,2.087632,0.763532,1.667491,0.997345
4.459,2.080362,0.757922,1.663013,0.993905
4.469,2.131464,0.744275,1.733021,0.992890
4.479,2.177264,0.744760,1.787561,0.995206
4.489,2.118922,0.699230,1.717593,1.025077
4.499,2.181537,0.696769,1.779392,1.052323
4.509,2.198040,0.699469,1.798862,1.051770
4.519,2.147700,0.735768,1.742958,1.016542
4.529,2.232784,0.729044,1.816181,1.074851
4.539,2.226201,0.717134,1.815416,1.070492
4.549,2.297062,0.764235,1.885628,1.066228
4.559,2.275809,0.708093,1.873037,1.081499
4.569,2.272889,0.724488,1.884370,1.044171
4.579,2.435353,0.712533,2.051044,1.102932
4.589,2.323773,0.683385,1.932347,1.094962
4.599,2.384287,0.701053,2.040218,1.015313
4.609,2.392498,0.685372,2.028878,1.066755
4.619,2.388050,0.671212,2.008732,1.103291
4.629,2.448326,0.715454,2.056004,1.120389
4.639,2.447332,0.728251,2.049073,1.122669
4.649,2.492945,0.716228,2.076606,1.178770
4.659,2.491678,0.732869,2.071175,1.175414
4.669,2.672823,0.712939,2.236587,1.278036
4.679,2.639487,0.710992,2.168966,1.325507
4.689,2.782620,0.701964,2.327605,1.353691
4.699,2.735819,0.721496,2.287776,1.315382
4.709,2.818416,0.696158,2.378329,1.342528
4.719,2.825838,0.656696,2.393890,1.350333
4.729,2.832041,0.705060,2.401658,1.324910
4.739,2.870958,0.702877,2.434876,1.348980
4.749,2.812541,0.656938,2.376365,1.353408
4.759,2.838401,0.670112,2.409994,1.341418
4.769,2.853242,0.692254,2.419190,1.345100
4.779,2.808305,0.687964,2.369999,1.340295
4.789,2.856227,0.712527,2.426119,1.328264
4.799,2.905836,0.689645,2.439769,1.419789
4.809,2.896953,0.699533,2.457912,1.364426
4.819,2.946563,0.699537,2.490114,1.411458
4.829,2.921988,0.704582,2.471403,1.390592
4.839,3.016550,0.646110,2.573748,1.434551
4.849,2.953977,0.642606,2.567286,1.312282
4.859,2.998613,0.630748,2.627330,1.300375
4.869,2.949316,0.660706,2.604880,1.215127
4.879,2.969459,0.676415,2.614340,1.235061
4.889,2.915685,0.658400,2.586672,1.173397
4.899,2.909627,0.647848,2.595920,1.143427
4.909,2.955661,0.653491,2.642882,1.150677
4.919,2.940019,0.655181,2.615430,1.172166
4.929,2.979406,0.586654,2.645496,1.238568
4.939,2.956122,0.662447,2.610987,1.217608
4.949,3.167544,0.676183,2.765710,1.388151
4.959,3.146974,0.675719,2.740933,1.390732
4.969,3.214774,0.627853,2.818722,1.412579
4.983,3.277166,0.634302,2.876447,1.436499
4.992,3.287013,0.709871,2.845491,1.484491
4.999,3.350582,0.740494,2.902246,1.501678
5.009,3.328142,0.725712,2.882357,1.497293
5.019,3.365875,0.725238,2.939022,1.471493
5.029,3.436340,0.737494,3.012246,1.480174
5.039,3.374511,0.751961,2.932491,1.490765
5.051,3.373025,0.759655,2.932085,1.484284
5.059,3.372575,0.762953,2.911069,1.522446
5.069,3.362454,0.751456,2.877872,1.568205
5.079,3.351782,0.764094,2.868326,1.556699
5.089,3.402607,0.764221,2.897000,1.612790
5.099,3.372930,0.784808,2.876808,1.576296
5.109,3.391655,0.781175,2.847432,1.668900
5.119,3.414426,0.784367,2.859111,1.693682
5.129,3.420435,0.782362,2.894941,1.645175
5.139,3.409049,0.718254,2.908123,1.627434
5.149,3.215653,0.720358,2.765125,1.474988
5.159,3.249035,0.726747,2.786935,1.503683
5.169,3.234753,0.756681,2.709343,1.597034
5.179,3.100973,0.750073,2.599140,1.515882
5.189,3.098947,0.684816,2.638283,1.474437
5.199,2.922569,0.673725,2.463735,1.420391
5.209,2.964634,0.702265,2.470503,1.480708
5.219,2.858085,0.716229,2.309918,1.523136
5.229,2.805859,0.701713,2.216319,1.571107
5.239,2.796985,0.698660,2.175761,1.612781
5.249,2.798351,0.684614,2.114932,1.699745
5.259,2.670012,0.684914,2.048897,1.569037
5.269,2.621800,0.681112,1.906439,1.665957
5.279,2.633604,0.623822,1.900001,1.713684
5.289,2.375378,0.629721,1.668838,1.568710
5.299,2.311244,0.624013,1.668723,1.472352
5.309,2.264882,0.624359,1.511027,1.567374
5.319,2.248382,0.581800,1.493246,1.577006
5.329,2.032393,0.572634,1.200036,1.537082
5.339,1.916898,0.573811,1.148497,1.423444
5.349,1.824435,0.562157,1.134604,1.313475
5.359,1.735332,0.550634,1.036177,1.278482
5.369,1.749960,0.471790,1.001928,1.354959
5.379,1.576265,0.447281,0.833170,1.261103
5.389,1.438002,0.356178,0.621803,1.246735
5.399,1.239418,0.373495,0.644868,0.990355
5.409,1.230831,0.339843,0.641815,0.993743
5.419,1.191255,0.332542,0.562985,0.995767
5.429,1.204077,0.295109,0.577677,1.014397
5.439,1.208512,0.277680,0.563008,1.032675
5.449,1.291923,0.274701,0.559824,1.131460
5.459,1.277639,0.279912,0.547806,1.119786
5.469,1.440751,0.315574,0.813052,1.146788
5.479,1.473404,0.332580,0.817833,1.179600
5.489,1.448337,0.340133,0.814173,1.148526
5.499,1.503822,0.304088,0.904296,1.162438
5.509,1.470134,0.314615,0.894901,1.123148
5.519,1.515471,0.437756,0.890325,1.145575
5.529,1.478924,0.465657,0.880301,1.093366
5.539,1.502895,0.455300,0.941410,1.079417
5.549,1.531779,0.523830,0.945599,1.085260
5.559,1.551424,0.542778,0.971766,1.080732
5.569,1.502593,0.548321,0.990174,0.988274
5.579,1.566392,0.553043,1.000092,1.071234
5.589,1.595867,0.582656,0.976445,1.119758
5.599,1.596870,0.614854,0.973005,1.106892
5.609,1.657123,0.616418,1.033811,1.139000
5.619,1.707064,0.650926,1.100548,1.130998
5.629,1.695961,0.669108,1.071098,1.131957
5.639,1.663833,0.678280,1.086311,1.062170
5.649,1.665617,0.687786,1.085268,1.059917
5.659,1.658688,0.683663,1.084533,1.052445
5.669,1.643137,0.722680,0.961450,1.119485
5.679,1.687535,0.716610,1.017566,1.139650
5.689,1.729029,0.701621,1.060524,1.171562
5.699,1.670666,0.701781,0.951116,1.180681
5.709,1.683289,0.733409,0.948780,1.181266
5.719,1.680433,0.710112,0.948616,1.191522
5.729,1.741535,0.704011,1.059784,1.189190
5.739,1.826863,0.717305,1.087930,1.280356
5.749,1.809375,0.679631,1.080138,1.282670
5.759,1.790192,0.658559,1.068661,1.276342
5.769,1.734451,0.670241,1.037292,1.217835
5.779,1.739636,0.738149,1.014527,1.205075
5.789,1.672752,0.720775,1.039061,1.094959
5.799,1.708436,0.683651,1.087527,1.126348
5.809,1.740756,0.755152,1.057915,1.157926
5.819,1.723156,0.708346,0.993749,1.216542
5.829,1.768470,0.700457,1.022753,1.261278
5.839,1.732376,0.695584,0.997012,1.234203
5.849,1.745953,0.721643,1.013118,1.225224
5.859,1.730883,0.734178,1.014989,1.194461
5.869,1.760523,0.677860,1.155966,1.141793
5.879,1.776701,0.672823,1.138619,1.186392
5.889,1.694996,0.673246,1.075675,1.123687
5.899,1.698842,0.654838,1.100174,1.116632
5.909,1.690625,0.646969,1.091076,1.117675
5.919,1.690800,0.687070,1.094479,1.090347
5.929,1.656609,0.688974,1.034436,1.095266
5.939,1.621066,0.672079,1.022627,1.063201
5.949,1.626080,0.672899,1.022833,1.070120
5.959,1.612352,0.675109,0.998248,1.071170
5.969,1.696149,0.680122,1.031007,1.162489
5.979,1.655866,0.622390,1.033526,1.134172
5.989,1.649782,0.621258,1.032176,1.127134
5.999,1.633859,0.636516,1.007570,1.117652
6.009,1.520864,0.543710,0.999554,1.009108
6.019,1.567266,0.550842,1.098592,0.972622
6.029,1.497457,0.534159,1.052318,0.921781
6.039,1.502515,0.546921,1.049414,0.925830
6.049,1.513796,0.524866,1.081113,0.920483
6.059,1.539041,0.525758,1.081539,0.960469
6.069,1.443753,0.517192,0.940922,0.965194
6.079,1.352478,0.497036,0.900949,0.877749
6.089,1.408273,0.555869,0.918887,0.910984
6.099,1.453557,0.554718,0.894371,1.002605
6.109,1.451957,0.552101,0.910173,0.987394
6.119,1.466132,0.557980,0.926966,0.989412
6.129,1.558889,0.553644,0.952196,1.103149
6.139,1.517486,0.562670,0.935177,1.054329
6.149,1.476731,0.532564,0.923406,1.021974
6.159,1.520871,0.552203,0.917955,1.079573
6.169,1.471794,0.585029,0.895578,1.010870
6.179,1.521503,0.586456,0.951917,1.031938
6.189,1.539711,0.609700,0.965671,1.032693
6.199,1.546064,0.607341,0.980290,1.029797
6.209,1.553733,0.628575,0.979524,1.029327
6.219,1.467716,0.638298,0.854065,1.008632
6.229,1.463148,0.647290,0.847643,1.001658
6.239,1.593702,0.630003,1.027135,1.043061
6.249,1.567266,0.638727,0.962230,1.059464
6.259,1.543161,0.635609,0.980905,1.007558
6.269,1.628991,0.674291,1.025212,1.071393
6.279,1.678174,0.683649,1.092533,1.074832
6.289,1.711076,0.639834,1.099263,1.144559
6.299,1.755594,0.679674,1.178648,1.109478
6.309,1.801217,0.680875,1.177940,1.180360
6.319,1.755316,0.649205,1.152714,1.153654
6.329,1.686738,0.679398,1.131675,1.050149
6.339,1.764746,0.724673,1.221246,1.047729
6.349,1.855796,0.725255,1.306527,1.100442
6.359,1.813824,0.710810,1.316808,1.025048
6.369,1.803614,0.696183,1.299224,1.039407
6.379,1.922747,0.725321,1.449135,1.034829
6.389,2.012796,0.700324,1.443289,1.215652
6.399,2.008863,0.713902,1.426106,1.221513
6.409,2.025925,0.736872,1.429398,1.232157
6.419,2.124338,0.726176,1.552679,1.254858
6.429,2.170844,0.753628,1.553931,1.315261
6.439,2.194213,0.747588,1.509269,1.406338
6.449,2.207699,0.733473,1.548016,1.392695
6.459,2.231165,0.734057,1.534652,1.443642
6.469,2.176879,0.759687,1.503577,1.378743
6.479,2.247628,0.767781,1.594967,1.385072
6.489,2.213681,0.762268,1.609873,1.314397
6.499,2.200754,0.781647,1.534325,1.370472
6.509,2.369074,0.781918,1.688211,1.466648
6.519,2.379494,0.773129,1.704752,1.469042
6.529,2.399819,0.783317,1.699975,1.501875
6.539,2.408913,0.777105,1.717086,1.500194
6.549,2.424191,0.775435,1.700731,1.543669
6.559,2.421118,0.777922,1.691779,1.547429
6.569,2.486470,0.773527,1.776402,1.558391
6.579,2.393042,0.743396,1.675159,1.538783
6.589,2.369268,0.810421,1.672780,1.469168
6.599,2.466927,0.792204,1.781877,1.510978
6.609,2.462377,0.760980,1.789748,1.510302
6.619,2.458877,0.844169,1.682884,1.581567
6.630,2.646140,0.811867,1.876410,1.679885
6.639,2.601146,0.820122,1.842283,1.642971
6.649,2.671253,0.892498,1.807071,1.753151
6.659,2.727886,0.895289,1.888044,1.753599
6.669,2.759055,0.866135,1.891958,1.811819
6.679,2.696192,0.858089,1.803311,1.811410
6.689,2.772909,0.863995,1.884149,1.841880
6.699,2.727128,0.812484,1.913303,1.765324
6.709,2.652288,0.898510,1.801747,1.726562
6.719,2.766322,0.886591,1.912508,1.791315
6.729,2.749043,0.864066,1.911878,1.776330
6.739,2.742466,0.891740,1.849759,1.817776
6.749,2.842091,0.891761,2.014869,1.795146
6.759,2.840868,0.886201,2.014607,1.796255
6.769,2.786654,0.890843,1.947993,1.782460
6.779,2.806895,0.897513,1.973937,1.782331
6.789,2.793966,0.835465,1.974646,1.791374
6.799,2.698612,0.890386,1.868083,1.732047
6.809,2.882191,0.882191,2.007552,1.870427
6.819,2.802377,0.806538,2.000172,1.789448
6.829,2.648021,0.856323,1.833310,1.708128
6.839,2.687051,0.849162,1.924038,1.672496
6.849,2.649874,0.766182,1.948518,1.624215
6.859,2.584632,0.821014,1.868129,1.586302
6.869,2.583267,0.818011,1.897452,1.550420
6.879,2.608108,0.816100,1.925566,1.558333
6.889,2.662688,0.883348,1.842003,1.707814
6.899,2.828353,0.882084,2.001555,1.793123
6.909,2.775174,0.798786,1.994609,1.756435
6.919,2.660564,0.850840,1.875513,1.684376
6.929,2.772289,0.853316,2.031923,1.681882
6.939,2.720965,0.791365,2.024562,1.636624
6.949,2.602707,0.818134,1.868434,1.616693
6.959,2.680173,0.817483,1.956746,1.638961
6.969,2.730364,0.801756,2.021777,1.650603
6.979,2.677606,0.815767,1.943357,1.651502
6.989,2.641268,0.827007,1.947047,1.581570
6.999,2.665649,0.782776,2.006971,1.570035
7.009,2.532760,0.797516,1.886304,1.490202
7.019,2.533404,0.826057,1.910036,1.444828
7.029,2.652347,0.775534,2.039265,1.508273
7.039,2.598728,0.770141,1.960419,1.522179
7.049,2.556901,0.823432,1.946222,1.439418
7.059,2.627397,0.774526,2.052772,1.445494
7.069,2.670090,0.779280,2.054814,1.516524
7.079,2.648178,0.805804,2.028833,1.499121
7.089,2.562583,0.738810,2.050127,1.348321
7.099,2.393191,0.738809,1.898923,1.255236
7.109,2.397571,0.750122,1.897720,1.258699
7.119,2.412509,0.752464,1.902959,1.277789
7.130,2.427543,0.771857,1.913913,1.278336
7.139,2.496518,0.772173,1.929965,1.382602
7.149,2.446505,0.747125,1.894795,1.355338
7.159,2.348514,0.745703,1.797539,1.314648
7.169,2.308924,0.742513,1.747035,1.314410
7.179,2.366014,0.776718,1.771133,1.363018
7.189,2.443417,0.804341,1.810856,1.429728
7.199,2.454201,0.814004,1.800406,1.455691
7.209,2.561967,0.802156,1.857380,1.571738
7.219,2.531115,0.763797,1.832334,1.570257
7.229,2.334821,0.770154,1.674565,1.433208
7.239,2.332148,0.776679,1.675949,1.423686
7.249,2.337469,0.763474,1.683591,1.430520
7.259,2.309219,0.766689,1.626578,1.448766
7.269,2.266144,0.816802,1.568487,1.417072
7.279,2.316049,0.800268,1.656459,1.407053
7.289,2.368813,0.781840,1.644882,1.514717
7.299,2.330736,0.801077,1.618108,1.473883
7.309,2.309994,0.779655,1.616358,1.454509
7.319,2.264586,0.746437,1.588481,1.431053
7.329,2.151772,0.768783,1.396582,1.445218
7.339,2.174976,0.767710,1.471693,1.405440
7.349,2.214895,0.764570,1.506093,1.432786
7.359,2.223595,0.768332,1.506641,1.443633
7.369,2.212363,0.781814,1.493145,1.433121
7.379,2.194401,0.719476,1.535582,1.392743
7.389,2.100810,0.723715,1.455429,1.330925
7.399,2.049377,0.706938,1.418198,1.299576
7.409,2.024929,0.751065,1.366281,1.292097
7.419,2.038135,0.764001,1.379634,1.291088
7.429,2.135707,0.801657,1.479042,1.315685
7.439,2.215426,0.795874,1.501634,1.421194
7.449,2.162093,0.757551,1.470988,1.391746
7.459,2.090167,0.738366,1.381829,1.383533
7.469,2.038051,0.717394,1.377796,1.319346
7.479,2.047864,0.726297,1.368783,1.338907
7.489,1.948399,0.726556,1.351633,1.200609
7.499,1.905770,0.705120,1.310818,1.190177
7.509,2.038754,0.785931,1.332621,1.327762
7.519,2.103424,0.779522,1.427559,1.333720
7.529,2.180612,0.740199,1.567395,1.323045
7.539,2.142265,0.748318,1.480016,1.356051
7.549,2.121232,0.794371,1.445644,1.333684
7.564,2.234730,0.789785,1.591766,1.355189
7.569,2.254745,0.791594,1.580672,1.399546
7.579,2.217536,0.788947,1.525663,1.402633
7.590,2.225670,0.772532,1.538900,1.410172
7.599,2.380872,0.781224,1.712703,1.457700
7.609,2.267387,0.749429,1.703108,1.295693
7.623,2.280533,0.754275,1.720252,1.293303
7.629,2.246129,0.702920,1.639756,1.364624
7.639,2.208948,0.717955,1.670970,1.253734
7.649,2.210116,0.719062,1.661822,1.267245
7.659,2.207759,0.729682,1.662070,1.256697
7.669,2.261609,0.704457,1.743179,1.256957
7.681,2.251640,0.691110,1.746337,1.241998
7.690,2.255735,0.718045,1.747640,1.232276
7.699,2.329919,0.742804,1.835148,1.228413
7.709,2.246121,0.645434,1.833317,1.125800
7.719,2.184664,0.631968,1.768835,1.115614
7.729,2.075817,0.698645,1.620446,1.093191
7.739,2.249320,0.691225,1.887702,1.009074
7.749,2.227332,0.631899,1.882492,1.008928
7.759,2.151450,0.724252,1.774649,0.977147
7.769,2.174812,0.708575,1.832981,0.931616
7.779,2.170956,0.711030,1.834724,0.917210
7.789,2.151113,0.718944,1.818177,0.897018
7.799,2.026800,0.698870,1.718754,0.815712
7.809,2.015606,0.689738,1.710356,0.813395
7.819,2.002972,0.702702,1.693742,0.805819
7.829,2.199020,0.702934,1.959305,0.709012
7.839,2.149992,0.686421,1.905421,0.721570
7.849,2.151309,0.721554,1.902053,0.699775
7.859,2.183877,0.715405,1.924747,0.743549
7.869,2.156482,0.710669,1.894665,0.745390
7.879,2.098664,0.704865,1.835796,0.733082
7.889,2.230803,0.699498,1.963208,0.795612
7.899,2.183033,0.684096,1.914232,0.795839
7.909,2.184490,0.714735,1.901038,0.804492
7.920,2.242396,0.717915,1.927575,0.892969
7.929,2.267887,0.648858,1.978510,0.898775
7.939,2.050284,0.647608,1.746543,0.856653
7.949,2.079128,0.682605,1.755607,0.880154
7.959,2.115543,0.602970,1.827032,0.879717
7.969,2.091533,0.603467,1.792110,0.893690
7.979,2.110215,0.615795,1.806318,0.900565
7.989,2.199740,0.613386,1.905282,0.912421
7.999,2.148450,0.611399,1.835198,0.934921
8.009,2.122057,0.642006,1.802995,0.916606
8.019,2.212038,0.615109,1.902634,0.945904
8.029,1.981316,0.638284,1.630168,0.927770
8.039,2.007160,0.662564,1.662228,0.909229
8.049,2.046888,0.644908,1.716780,0.909126
8.059,2.134250,0.644854,1.825050,0.899100
8.069,2.091734,0.644775,1.780382,0.888739
8.080,2.130630,0.675573,1.810705,0.896957
8.089,2.062882,0.682884,1.742083,0.868505
8.099,2.041290,0.682535,1.716239,0.869214
8.110,2.035640,0.665911,1.735783,0.829127
8.119,2.005978,0.664153,1.726455,0.776016
8.129,2.004043,0.708431,1.720090,0.745389
8.139,2.031176,0.716407,1.732661,0.781231
8.149,1.998273,0.686623,1.718713,0.753439
8.159,2.097854,0.716113,1.822410,0.752991
8.169,2.082904,0.748389,1.809428,0.710191
8.179,2.063859,0.736627,1.792167,0.710653
8.189,1.947574,0.700573,1.672022,0.711748
8.199,2.003765,0.716877,1.713246,0.752296
8.209,2.040733,0.702313,1.762135,0.752483
8.219,1.925958,0.698624,1.646538,0.714250
8.229,1.922538,0.702394,1.641239,0.713533
8.239,1.945875,0.701952,1.671338,0.707333
8.249,1.963511,0.700163,1.691622,0.709623
8.259,1.830188,0.690031,1.525204,0.739726
8.270,1.827831,0.709710,1.514456,0.737361
8.279,1.829752,0.707191,1.524888,0.722904
8.290,1.807106,0.693558,1.486556,0.758131
8.299,1.813813,0.688915,1.498251,0.755353
8.309,1.775085,0.671058,1.469298,0.736050
8.319,1.789034,0.710014,1.484873,0.701196
8.329,1.722898,0.659717,1.430924,0.696855
8.339,1.754197,0.676665,1.477739,0.660013
8.350,1.772503,0.680461,1.473613,0.712183
8.360,1.581111,0.697689,1.225473,0.715093
8.369,1.598692,0.673651,1.269545,0.700191
8.379,1.677779,0.687217,1.327337,0.762137
8.389,1.679641,0.675824,1.344301,0.746531
8.400,1.613736,0.667270,1.303224,0.678603
8.409,1.602879,0.664583,1.285905,0.688475
8.420,1.617426,0.692452,1.288142,0.690846
8.429,1.656658,0.691225,1.337732,0.690794
8.440,1.640644,0.683350,1.274449,0.774936
8.449,1.564353,0.663897,1.184496,0.776795
8.459,1.654360,0.708514,1.308330,0.723316
8.469,1.715461,0.718966,1.360419,0.758388
8.479,1.712021,0.694213,1.351477,0.789046
8.489,1.651663,0.699179,1.304567,0.732969
8.499,1.765902,0.732358,1.429834,0.733235
8.509,1.784741,0.732647,1.423196,0.789330
8.519,1.775539,0.711742,1.408515,0.813663
8.529,1.819320,0.733659,1.412124,0.881804
8.539,1.775785,0.742449,1.349821,0.883270
8.549,1.919574,0.741259,1.537244,0.878739
8.559,1.932864,0.740745,1.557301,0.872967
8.569,1.970757,0.800798,1.538416,0.935885
8.579,1.968615,0.786990,1.554286,0.916672
8.589,1.980080,0.798890,1.562848,0.916513
8.599,1.981768,0.796281,1.563023,0.922117
8.609,1.966606,0.802482,1.542807,0.918318
8.619,1.975047,0.800781,1.558571,0.911273
8.629,1.982867,0.781708,1.560129,0.941643
8.639,1.992655,0.781304,1.613515,0.869948
8.649,2.045681,0.787369,1.668101,0.884476
8.659,2.118885,0.759536,1.746340,0.929016
8.669,2.061806,0.728204,1.699019,0.913289
8.679,2.041426,0.729169,1.684166,0.894046
8.689,2.072146,0.755541,1.707498,0.898551
8.699,2.045230,0.726256,1.666378,0.937392
8.709,2.025415,0.722091,1.677701,0.875334
8.720,1.996774,0.714275,1.652718,0.863390
8.729,2.050702,0.719606,1.753177,0.783529
8.740,2.072196,0.696080,1.787090,0.784715
8.749,1.949062,0.709361,1.608307,0.842022
8.760,1.916429,0.667932,1.585577,0.844105
8.769,1.922650,0.644310,1.638814,0.771840
8.779,1.908463,0.635504,1.613112,0.797643
8.789,1.886059,0.634405,1.584489,0.802586
8.799,1.920825,0.648264,1.639629,0.762194
8.809,2.001093,0.672512,1.699650,0.814428
8.819,1.993142,0.627182,1.708919,0.811697
8.829,1.997076,0.667052,1.645887,0.913461
8.839,2.046226,0.669738,1.669242,0.975769
8.849,2.063784,0.685425,1.692115,0.962364
8.859,1.933849,0.673734,1.519194,0.988890
8.869,1.957427,0.704018,1.539148,0.983312
8.879,2.000438,0.707380,1.589207,0.987820
8.890,1.992751,0.690236,1.579377,1.000100
8.900,1.917198,0.686867,1.504577,0.969592
8.909,1.919543,0.707581,1.500503,0.965641
8.920,1.979194,0.709646,1.560871,0.988581
8.929,1.941697,0.682476,1.527978,0.984732
8.939,1.940595,0.697094,1.502911,1.010558
8.950,2.048315,0.709526,1.671152,0.948377
8.959,2.043041,0.706685,1.664242,0.951270
8.970,2.012722,0.670440,1.621054,0.986786
8.979,2.030329,0.700687,1.647722,0.957227
8.990,2.047330,0.706386,1.666285,0.957119
9.000,2.026171,0.701869,1.623201,0.988924
9.010,1.939630,0.677669,1.547837,0.952434
9.020,2.047684,0.712278,1.665684,0.954550
9.030,2.012801,0.662107,1.682861,0.883719
9.040,1.910144,0.706283,1.570966,0.825759
9.050,1.934167,0.672334,1.605543,0.843326
9.060,2.027757,0.719721,1.717697,0.802071
9.069,2.026415,0.721955,1.706305,0.820769
9.079,2.045496,0.741293,1.733923,0.792497
9.089,2.150998,0.724935,1.805505,0.917286
9.099,2.148064,0.725333,1.798205,0.924409
9.109,2.159681,0.757075,1.788957,0.943765
9.120,2.145275,0.755989,1.765704,0.955497
9.129,2.104562,0.755334,1.716206,0.955661
9.140,2.079881,0.730543,1.703820,0.942980
9.149,2.055716,0.741869,1.674309,0.933964
9.159,2.087033,0.746405,1.710608,0.934027
9.170,2.152447,0.780030,1.720495,1.031735
9.179,2.171855,0.753603,1.744983,1.050748
9.190,2.265591,0.762934,1.846259,1.068720
9.199,2.282095,0.771067,1.847871,1.094891
9.209,2.316498,0.789198,1.870816,1.115067
9.219,2.259160,0.761624,1.799671,1.133541
9.230,2.227169,0.773960,1.782011,1.088901
9.239,2.208480,0.742358,1.778647,1.078287
9.250,2.170533,0.773783,1.724621,1.066844
9.260,2.099947,0.724431,1.669274,1.048094
9.269,2.130152,0.708520,1.683197,1.096538
9.280,2.305319,0.713799,1.883463,1.121408
9.289,2.225152,0.712329,1.823373,1.057921
9.299,2.259100,0.746993,1.828373,1.096625
9.309,2.359913,0.693009,1.910426,1.199666
9.320,2.345848,0.682187,1.913785,1.172625
9.330,2.336460,0.705389,1.892924,1.174015
9.339,2.406365,0.717817,1.947164,1.218147
9.350,2.314126,0.688582,1.847048,1.212208
9.359,2.298577,0.712648,1.815462,1.216423
9.370,2.280533,0.657430,1.885879,1.100944
9.379,2.245217,0.663322,1.852279,1.081695
9.390,2.159381,0.694101,1.749218,1.058956
9.399,2.227091,0.691618,1.861586,1.008016
9.409,2.286557,0.704410,1.848303,1.147137
9.420,2.347893,0.706748,1.908616,1.170596
9.429,2.428294,0.710783,1.974607,1.221607
9.439,2.465000,0.762455,1.984182,1.248162
9.449,2.614902,0.719210,2.137247,1.323866
9.459,2.584618,0.720065,2.089956,1.339344
9.469,2.553995,0.727258,2.078334,1.294030
9.479,2.392218,0.713883,1.891540,1.278732
9.490,2.366351,0.715093,1.877046,1.250983
9.499,2.352677,0.689131,1.899284,1.205366
9.509,2.260662,0.698802,1.851293,1.093153
9.519,2.252250,0.712544,1.827760,1.106438
9.529,2.278336,0.699131,1.864783,1.106623
9.539,2.259553,0.692844,1.859949,1.079878
9.549,2.308342,0.783244,1.857190,1.125086
9.559,2.464102,0.750472,2.053298,1.136908
9.570,2.451803,0.762326,1.969496,1.245506
9.579,2.458949,0.761084,1.981558,1.241214
9.589,2.585481,0.714008,2.108330,1.315237
9.600,2.503315,0.755222,1.990933,1.316211
9.610,2.607646,0.720324,2.183581,1.230010
9.620,2.532189,0.721764,2.082911,1.246003
9.630,2.453328,0.698676,2.021122,1.202387
9.639,2.510206,0.654955,2.117129,1.178955
9.650,2.330231,0.667217,1.938165,1.108293
9.660,2.390227,0.690931,2.018718,1.077302
9.670,2.384062,0.674109,2.020271,1.071369
9.679,2.328653,0.669511,1.954378,1.074609
9.690,2.419423,0.693625,2.058844,1.064731
9.699,2.425407,0.670289,2.065370,1.080537
9.709,2.522988,0.700886,2.167314,1.084885
9.720,2.563623,0.680093,2.175654,1.173101
9.730,2.548063,0.708818,2.145598,1.177544
9.740,2.619943,0.713015,2.218235,1.197976
9.750,2.608946,0.680719,2.225940,1.178309
9.760,2.624611,0.698444,2.233032,1.189254
9.770,2.617199,0.683813,2.226626,1.193427
9.780,2.617096,0.702361,2.203053,1.225740
9.790,2.538688,0.695000,2.139525,1.176582
9.799,2.529118,0.664851,2.143795,1.165569
9.810,2.399141,0.697814,2.004287,1.118824
9.819,2.416374,0.695195,2.037369,1.097587
9.830,2.403166,0.721618,2.023754,1.076519
9.840,2.397741,0.719907,2.028516,1.056417
9.850,2.411791,0.752513,2.029703,1.063375
9.860,2.503167,0.758181,2.136632,1.061041
9.870,2.535104,0.768630,2.141514,1.117980
9.879,2.564156,0.784473,2.170045,1.118214
9.889,2.575405,0.776386,2.161881,1.164563
9.900,2.567751,0.828304,2.135180,1.161147
9.909,2.627962,0.818059,2.173645,1.229729
9.919,2.583607,0.823196,2.153670,1.165796
9.930,2.598170,0.803888,2.166594,1.187486
9.939,2.520677,0.792507,2.091434,1.162604
9.950,2.490280,0.762456,2.082948,1.132025
9.960,2.443244,0.792960,2.025475,1.112702
9.970,2.388433,0.793209,2.019040,0.999455
9.980,2.378675,0.834941,2.005676,0.968622
9.989,2.404015,0.837517,2.039916,0.957389
9.999,2.437466,0.848934,2.056156,0.996379
10.009,2.548999,0.856228,2.177963,1.010321
10.020,2.537973,0.857310,2.163524,1.012664
10.029,2.546950,0.880533,2.164638,1.012896
10.040,2.570524,0.867822,2.157771,1.094762
10.049,2.572336,0.833425,2.172239,1.097129
10.060,2.473523,0.871915,2.026538,1.118581
10.070,2.495639,0.868292,2.093770,1.044228
10.080,2.507898,0.883155,2.072914,1.101189
10.090,2.543626,0.885688,2.130374,1.071028
10.100,2.581659,0.836534,2.186710,1.087876
10.110,2.449586,0.899800,2.039983,1.014546
10.119,2.590120,0.894872,2.170246,1.094512
10.130,2.564107,0.892063,2.153431,1.068459
10.140,2.625177,0.889042,2.204853,1.113455
10.149,2.647842,0.890921,2.235975,1.103514
10.160,2.603833,0.910059,2.175447,1.104160
10.170,2.635150,0.914503,2.210530,1.105104
10.179,2.625888,0.896756,2.209706,1.099234
10.189,2.611054,0.894192,2.206509,1.072072
10.200,2.616415,0.873961,2.234054,1.044426
10.209,2.570897,0.914014,2.160541,1.051737
10.220,2.618505,0.916657,2.202142,1.080222
10.230,2.657822,0.962065,2.205416,1.128978
10.240,2.716073,0.962343,2.261889,1.155339
10.250,2.732037,0.976273,2.265199,1.174646
10.259,2.820994,0.939822,2.383561,1.180414
10.270,2.806129,0.935598,2.343412,1.227778
10.280,2.821733,0.959349,2.373013,1.187701
10.290,2.768653,0.950492,2.302294,1.208903
10.300,2.719040,0.962436,2.249387,1.186236
10.310,2.715256,0.893191,2.281867,1.169574
10.320,2.606169,0.913367,2.200566,1.056118
10.330,2.647453,0.969524,2.224973,1.057604
10.342,2.592732,0.976152,2.190851,0.984661
10.350,2.614360,0.982301,2.162454,1.092590
10.360,2.587713,0.931807,2.141628,1.114192
10.370,2.623114,0.933629,2.171756,1.136898
10.380,2.633053,0.946294,2.183378,1.127102
10.392,2.685928,0.942298,2.208880,1.202969
10.400,2.657071,0.944864,2.163537,1.219166
10.410,2.588639,0.875416,2.083816,1.261907
10.420,2.561573,0.894064,2.071519,1.212895
10.430,2.530182,0.863993,2.067854,1.174442
10.440,2.496905,0.872321,2.066875,1.096184
10.450,2.506073,0.859532,2.058430,1.142136
10.460,2.411764,0.857921,1.942148,1.143958
10.470,2.479034,0.870078,2.040946,1.105944
10.480,2.443386,0.855061,2.000581,1.112062
10.490,2.551322,0.860709,2.117524,1.133366
10.500,2.572852,0.845652,2.122684,1.182647
10.510,2.598223,0.846259,2.136060,1.213200
10.520,2.615481,0.831548,2.153154,1.230120
10.530,2.599364,0.787661,2.149935,1.230473
10.540,2.637310,0.806199,2.183195,1.240608
10.550,2.602478,0.809690,2.181338,1.165786
10.560,2.655018,0.807259,2.248795,1.157745
10.570,2.594598,0.798163,2.187994,1.143484
10.580,2.593854,0.762400,2.196716,1.149461
10.590,2.536392,0.783526,2.149713,1.094580
10.600,2.540620,0.813688,2.151830,1.078094
10.610,2.670406,0.833508,2.325164,1.014864
10.620,2.660210,0.851035,2.286032,1.061373
10.630,2.771970,0.796787,2.411978,1.109642
10.640,2.719995,0.790475,2.307908,1.202948
10.650,2.767201,0.787361,2.373866,1.184157
10.660,2.791177,0.775634,2.399215,1.197008
10.670,2.741975,0.779659,2.344746,1.188583
10.680,2.803866,0.762769,2.419227,1.194648
10.690,2.675551,0.793571,2.273985,1.165251
10.700,2.736410,0.794363,2.359519,1.135604
10.710,2.663352,0.784482,2.295937,1.098500
10.720,2.635495,0.789897,2.269724,1.081782
10.730,2.664502,0.783224,2.302272,1.088886
10.740,2.586991,0.787033,2.206002,1.098479
10.750,2.788286,0.773353,2.436940,1.112557
10.760,2.738782,0.794994,2.348636,1.163107
10.770,2.905475,0.797977,2.506932,1.233008
10.780,2.920526,0.778239,2.495551,1.302320
10.790,2.911341,0.785171,2.468308,1.329236
10.800,2.974937,0.750923,2.536714,1.360680
10.810,2.820250,0.721501,2.367336,1.352394
10.820,2.837524,0.711038,2.421457,1.297117
10.830,2.735177,0.708170,2.321629,1.260844
10.840,2.740474,0.744746,2.355217,1.186803
10.850,2.747339,0.745470,2.373973,1.164645
10.860,2.698055,0.791909,2.322740,1.121276
10.870,2.745758,0.785517,2.366318,1.150084
10.880,2.697892,0.780060,2.288459,1.197114
10.890,2.766418,0.742293,2.358218,1.241323
10.900,2.718418,0.771533,2.290215,1.244768
10.910,2.721448,0.809490,2.288029,1.231231
10.920,2.822904,0.830096,2.403335,1.226259
10.930,2.795021,0.815273,2.375054,1.227431
10.940,2.859101,0.808761,2.451228,1.229571
10.950,2.696104,0.798167,2.240439,1.269778
10.960,2.663162,0.798642,2.241056,1.196774
10.970,2.560214,0.825882,2.143783,1.129958
10.980,2.588478,0.825719,2.203994,1.077411
10.990,2.565520,0.830495,2.196161,1.033949
11.000,2.613429,0.835037,2.238525,1.059117
11.010,2.603467,0.832953,2.232609,1.048660
11.020,2.582287,0.860005,2.200810,1.041650
11.030,2.597666,0.874906,2.210502,1.046944
11.040,2.580480,0.860774,2.158124,1.122695
11.050,2.575138,0.871954,2.157890,1.102063
11.060,2.619100,0.821385,2.215391,1.130069
11.070,2.587956,0.877470,2.175183,1.093682
11.080,2.658593,0.860595,2.253771,1.117145
11.090,2.574170,0.852568,2.179735,1.071556
11.100,2.544521,0.817704,2.150871,1.086140
11.110,2.641844,0.833093,2.257730,1.089931
11.120,2.517627,0.834077,2.097200,1.115577
11.130,2.580597,0.874377,2.157937,1.112770
11.140,2.588021,0.842626,2.118699,1.224316
11.150,2.538277,0.886792,2.075706,1.160988
11.160,2.732458,0.868683,2.241591,1.298840
11.170,2.644520,0.848550,2.152198,1.281207
11.180,2.579250,0.870385,2.076308,1.258533
11.190,2.617060,0.859068,2.125847,1.261658
11.200,2.472551,0.848885,1.989923,1.197127
11.210,2.514171,0.871484,2.029606,1.200946
11.220,2.540675,0.828170,2.064621,1.227397
11.230,2.530785,0.821195,2.025042,1.276604
11.240,2.603886,0.829892,2.143103,1.224178
11.250,2.553748,0.804680,2.064451,1.269709
11.260,2.472726,0.841627,1.973295,1.229693
11.270,2.543192,0.781926,1.974778,1.398810
11.280,2.453440,0.792033,1.909907,1.320723
11.290,2.467474,0.824228,1.922009,1.309564
11.300,2.583766,0.847239,2.076797,1.282555
11.310,2.473462,0.789034,1.949963,1.301185
11.320,2.479887,0.831266,1.950215,1.286661
11.330,2.532097,0.793606,2.001853,1.332025
11.340,2.447970,0.790582,1.946004,1.257222
11.350,2.450226,0.762570,1.967293,1.245733
11.360,2.347297,0.802271,1.890356,1.136978
11.370,2.343502,0.794200,1.888963,1.137132
11.380,2.364176,0.784995,1.919662,1.134904
11.390,2.363298,0.776158,1.922899,1.133674
11.395,2.345136,0.773902,1.901463,1.133655
11.410,2.364362,0.834131,1.879269,1.167382
11.420,2.380680,0.836937,1.873142,1.207689
11.426,2.396493,0.849785,1.895545,1.194970
11.439,2.309976,0.820935,1.809018,1.178774
11.449,2.390941,0.831284,1.892511,1.201653
11.459,2.381838,0.799130,1.888856,1.211101
11.469,2.308787,0.880035,1.836558,1.087700
11.479,2.311981,0.859963,1.837498,1.108747
11.489,2.322827,0.857351,1.851345,1.110404
11.499,2.233642,0.876015,1.686923,1.173049
11.509,2.311560,0.897754,1.767196,1.189272
11.519,2.331149,0.832776,1.827262,1.183999
11.529,2.239430,0.860315,1.688828,1.192796
11.539,2.313097,0.855172,1.762184,1.230369
11.549,2.326096,0.885911,1.772362,1.218448
11.559,2.248957,0.872138,1.670112,1.227969
11.569,2.247314,0.875741,1.667976,1.225298
11.579,2.313494,0.877448,1.756264,1.223879
11.589,2.288134,0.851200,1.682916,1.295688
11.599,2.315384,0.882219,1.703519,1.296424
11.609,2.378545,0.851418,1.818465,1.275049
11.619,2.336307,0.846647,1.756461,1.286997
11.629,2.283539,0.836610,1.713455,1.256464
11.639,2.341735,0.833936,1.777632,1.276048
11.649,2.191909,0.844809,1.636784,1.188151
11.659,2.223585,0.892884,1.654306,1.187585
11.669,2.245306,0.848524,1.734078,1.146465
11.679,2.316279,0.845334,1.788089,1.205526
11.689,2.309205,0.839364,1.766431,1.227850
11.699,2.454226,0.793372,1.946867,1.266292
11.709,2.377018,0.774432,1.879468,1.232099
11.719,2.333052,0.797739,1.819462,1.223234
11.729,2.333198,0.782543,1.854578,1.179821
11.739,2.282978,0.791155,1.841399,1.093303
11.749,2.266419,0.740571,1.818973,1.131170
11.759,2.346241,0.760590,1.924211,1.106238
11.769,2.377146,0.747117,1.951234,1.133721
11.779,2.343714,0.753030,1.854533,1.219282
11.789,2.392588,0.753682,1.907598,1.231873
11.799,2.414657,0.743571,1.930627,1.245131
11.809,2.306346,0.709637,1.820172,1.225814
11.819,2.279326,0.723546,1.824960,1.158159
11.829,2.341104,0.729701,1.901441,1.154480
11.839,2.337104,0.731333,1.815678,1.276917
11.849,2.367875,0.702238,1.856825,1.290695
11.859,2.391570,0.656432,1.889300,1.311202
11.869,2.347355,0.639458,1.826394,1.328703
11.879,2.258054,0.648645,1.730553,1.297404
11.889,2.357101,0.644693,1.879824,1.267500
11.899,2.163688,0.638403,1.700232,1.176094
11.909,2.169937,0.646597,1.704367,1.177146
11.919,2.231679,0.651036,1.774128,1.187018
11.929,2.274242,0.655338,1.792768,1.236403
11.939,2.245315,0.658662,1.754886,1.236115
11.949,2.395277,0.661904,1.902937,1.295400
11.959,2.311071,0.624960,1.804426,1.301738
11.969,2.292216,0.652276,1.769834,1.302490
11.979,2.329630,0.652047,1.866721,1.231813
11.989,2.271670,0.656600,1.837831,1.162643
11.999,2.277758,0.681318,1.802668,1.214240
12.009,2.443526,0.680815,1.911282,1.361731
12.019,2.435323,0.659751,1.908577,1.361197
12.029,2.367248,0.660678,1.820747,1.360973
12.039,2.345821,0.661529,1.882530,1.233423
12.049,2.334767,0.674271,1.871088,1.222917
12.059,2.325671,0.718974,1.823597,1.251525
12.069,2.500614,0.715897,2.022850,1.283992
12.079,2.487994,0.712276,2.012658,1.277492
12.089,2.375753,0.712038,1.865411,1.287419
12.099,2.400509,0.724916,1.896808,1.280257
12.109,2.425229,0.707535,1.932896,1.282592
12.119,2.388876,0.715206,1.866259,1.308545
12.129,2.547930,0.712798,2.060186,1.318902
12.139,2.547930,0.700392,2.050951,1.339775
12.149,2.386917,0.705166,1.902584,1.257095
12.159,2.440948,0.695755,1.966530,1.267640
12.169,2.442877,0.667439,1.996528,1.239376
12.179,2.420695,0.701869,1.936884,1.271072
12.189,2.534027,0.699859,2.022696,1.356538
12.199,2.493541,0.660307,2.020773,1.303156
12.209,2.387923,0.672741,1.957681,1.190412
12.219,2.421235,0.659882,1.997042,1.199481
12.229,2.412846,0.638226,1.999112,1.190817
12.239,2.430305,0.660258,2.018806,1.181043
12.249,2.502930,0.629362,2.097025,1.212869
12.259,2.520173,0.614103,2.155992,1.151454
12.269,2.479531,0.614884,2.056785,1.240818
12.279,2.455816,0.603785,2.055283,1.200953
12.289,2.453990,0.611294,2.053994,1.195614
12.299,2.604549,0.621847,2.228802,1.195586
12.309,2.603185,0.629490,2.182227,1.272085
12.319,2.716171,0.600492,2.325411,1.268644
12.329,2.522875,0.594006,2.099859,1.265957
12.339,2.535386,0.623425,2.115472,1.250720
12.349,2.615389,0.616298,2.211190,1.253426
12.359,2.562938,0.616599,2.148580,1.253818
12.369,2.575607,0.630871,2.159550,1.253832
12.379,2.667998,0.572936,2.252144,1.310650
12.389,2.569720,0.577605,2.189063,1.215663
12.399,2.660709,0.583274,2.270890,1.257865
12.409,2.624814,0.575617,2.239623,1.241933
12.419,2.640242,0.616315,2.236740,1.260170
12.429,2.763225,0.641707,2.327215,1.344507
12.439,2.810847,0.634644,2.385326,1.344734
12.449,2.793401,0.635926,2.299230,1.453350
12.459,2.742773,0.595394,2.246209,1.457002
12.469,2.677834,0.599024,2.236918,1.344680
12.479,2.717933,0.605779,2.281471,1.347249
12.489,2.875688,0.613993,2.466411,1.345145
12.499,2.748748,0.580730,2.303926,1.382133
12.509,2.741695,0.616084,2.332227,1.303093
12.519,2.717699,0.606024,2.304049,1.307663
12.529,2.690412,0.627569,2.294220,1.257390
12.539,2.766970,0.613643,2.380855,1.269290
12.549,2.709101,0.620808,2.310222,1.271497
12.559,2.747155,0.650283,2.354795,1.256557
12.569,2.782928,0.640299,2.366913,1.316217
12.579,2.652371,0.665364,2.263284,1.212397
12.589,2.772531,0.657564,2.405092,1.212464
12.599,2.710513,0.656619,2.337818,1.204301
12.609,2.781789,0.662866,2.405724,1.229411
12.619,2.746147,0.624026,2.383509,1.212764
12.629,2.647098,0.689231,2.292109,1.130632
12.639,2.720170,0.671403,2.357663,1.178969
12.649,2.652891,0.695251,2.356939,0.999646
12.659,2.649894,0.686527,2.367524,0.972342
12.669,2.710859,0.702463,2.418235,1.003714
12.679,2.741513,0.706491,2.450996,1.004682
12.689,2.649102,0.687226,2.318649,1.081354
12.699,2.618529,0.709150,2.301417,1.028242
12.709,2.684862,0.662005,2.374483,1.063986
12.719,2.591310,0.664665,2.286096,1.023167
12.729,2.671149,0.684179,2.366084,1.033723
12.739,2.622631,0.675180,2.328212,1.000878
12.749,2.662967,0.737326,2.352256,1.007291
12.759,2.733214,0.702222,2.412798,1.075057
12.769,2.664465,0.731452,2.356698,1.005149
12.779,2.829323,0.711772,2.545070,1.010479
12.789,2.702048,0.715772,2.361203,1.101569
12.799,2.730337,0.720366,2.404400,1.074556
12.809,2.681047,0.706499,2.361493,1.054618
12.819,2.661511,0.735251,2.340994,1.030919
12.829,2.824729,0.657848,2.519917,1.093777
12.839,2.666648,0.682497,2.357991,1.041675
12.849,2.733179,0.666250,2.431585,1.055354
12.859,2.756416,0.675087,2.455379,1.055083
12.869,2.758571,0.678813,2.471844,1.019271
12.879,2.736160,0.671186,2.437551,1.046149
12.889,2.714448,0.744383,2.410064,1.002854
12.899,2.854239,0.723785,2.531207,1.102637
12.909,2.773631,0.732966,2.443038,1.089657
12.919,2.873604,0.735420,2.504745,1.201253
12.929,2.836621,0.698855,2.478238,1.190109
12.939,2.892285,0.721414,2.533869,1.193476
12.949,2.917627,0.669489,2.576139,1.194923
12.959,2.843207,0.762902,2.496386,1.126881
12.969,2.960171,0.742235,2.633904,1.128825
12.979,2.827373,0.775626,2.454557,1.169441
12.989,2.916526,0.778407,2.585567,1.102293
12.999,2.901275,0.770715,2.563419,1.119051
13.009,2.944355,0.795501,2.612298,1.101046
13.019,2.999974,0.770363,2.648009,1.180862
13.029,2.835573,0.792861,2.477967,1.127617
13.039,2.908373,0.784929,2.555221,1.146022
13.049,2.859331,0.786379,2.504263,1.134040
13.059,2.987088,0.799253,2.644118,1.136895
13.069,2.888732,0.782087,2.527597,1.159469
13.079,2.865498,0.827621,2.497755,1.134610
13.089,2.926435,0.761835,2.573080,1.167428
13.099,2.786013,0.772192,2.451970,1.073978
13.109,2.906050,0.780037,2.590501,1.061120
13.119,2.812187,0.776130,2.532448,0.944841
13.129,2.810878,0.829978,2.513481,0.945824
13.139,2.831874,0.809038,2.513350,1.023739
13.149,2.756438,0.794551,2.439425,1.007892
13.159,2.834662,0.731996,2.524506,1.061301
13.169,2.739578,0.725139,2.421615,1.056050
13.179,2.796825,0.767015,2.487572,1.022694
13.189,2.790695,0.758432,2.463955,1.068498
13.199,2.782594,0.785697,2.457121,1.043104
13.209,2.771715,0.766076,2.421250,1.110441
13.219,2.766468,0.775455,2.450178,1.024033
13.230,2.782150,0.803294,2.458627,1.024807
13.239,2.868653,0.796313,2.555725,1.031174
13.249,2.841380,0.784710,2.522162,1.047076
13.259,2.735341,0.809270,2.397364,1.039145
13.269,2.758663,0.812098,2.421129,1.043482
13.279,2.740858,0.782003,2.410672,1.043761
13.289,2.652168,0.792796,2.335249,0.975747
13.299,2.749316,0.793175,2.436182,0.997310
13.309,2.637413,0.848928,2.291462,0.992205
13.319,2.810924,0.856614,2.470688,1.031119
13.329,2.784512,0.808176,2.446844,1.055135
13.339,2.649254,0.826036,2.319494,0.977834
13.349,2.735711,0.814336,2.400432,1.029028
13.359,2.622650,0.790966,2.299830,0.981554
13.369,2.689382,0.831951,2.355872,0.995239
13.379,2.641864,0.758964,2.323628,1.002082
13.389,2.527817,0.806789,2.183782,0.984910
13.399,2.564793,0.785772,2.250531,0.946488
13.409,2.611369,0.781342,2.308938,0.936782
13.419,2.549615,0.777910,2.239520,0.938055
13.429,2.623556,0.742939,2.312041,0.992749
13.439,2.423569,0.730569,2.097768,0.969187
13.449,2.460447,0.757778,2.108886,1.015959
13.459,2.518708,0.706971,2.173156,1.058997
13.469,2.525654,0.739289,2.184147,1.030476
13.479,2.585831,0.770278,2.194471,1.130261
13.489,2.615104,0.764652,2.223359,1.144879
13.499,2.527165,0.747387,2.119702,1.155352
13.509,2.513962,0.679797,2.111099,1.183699
13.519,2.396845,0.670890,1.946387,1.227333
13.529,2.412372,0.692823,1.972113,1.204285
13.539,2.418861,0.677560,1.979374,1.214034
13.549,2.333055,0.687232,1.898081,1.169678
13.559,2.433903,0.706980,2.019072,1.160780
13.569,2.343531,0.686460,1.916419,1.161140
13.579,2.324408,0.728931,1.877095,1.161054
13.589,2.291546,0.679802,1.879700,1.120617
13.599,2.328484,0.678778,1.881265,1.192451
13.609,2.219113,0.677902,1.777521,1.142511
13.619,2.235952,0.704894,1.780935,1.153635
13.629,2.249752,0.690946,1.790052,1.174602
13.639,2.254423,0.714363,1.788600,1.171757
13.649,2.203909,0.681039,1.772976,1.118015
13.659,2.080759,0.713006,1.626455,1.084354
13.669,2.079030,0.665897,1.624263,1.113874
13.679,2.037335,0.671760,1.636719,1.010258
13.689,2.002535,0.674578,1.556710,1.063835
13.699,1.977859,0.719820,1.527248,1.030193
13.709,2.003576,0.715139,1.591939,0.984187
13.719,1.975181,0.770699,1.576868,0.906008
13.729,1.927096,0.732289,1.517282,0.935578
13.739,1.904811,0.746993,1.493475,0.916426
13.749,1.955006,0.746487,1.557444,0.916065
13.759,1.888243,0.784135,1.447728,0.924488
13.769,1.886228,0.763243,1.464683,0.911054
13.779,1.854215,0.721807,1.461211,0.884293
13.789,1.938310,0.758201,1.523273,0.928340
13.799,1.875678,0.772477,1.470106,0.871914
13.809,1.853538,0.776315,1.427092,0.892381
13.819,1.828403,0.766286,1.418072,0.863096
13.829,1.791079,0.800895,1.316613,0.912720
13.839,1.779153,0.785800,1.306828,0.916571
13.849,1.871856,0.796313,1.395361,0.960571
13.859,1.871205,0.798351,1.391864,0.962683
13.869,1.806670,0.794864,1.320759,0.942255
13.879,1.770691,0.743774,1.296911,0.948771
13.889,1.753929,0.781346,1.296472,0.885959
13.899,1.756121,0.750801,1.301606,0.908890
13.909,1.779831,0.802136,1.306881,0.903570
13.919,1.733978,0.760727,1.259051,0.918021
13.929,1.724041,0.754259,1.261664,0.900896
13.939,1.723287,0.753956,1.261688,0.899673
13.949,1.717246,0.810427,1.206658,0.914396
13.959,1.680340,0.751670,1.198269,0.907022
13.969,1.739457,0.804678,1.246378,0.908155
13.979,1.749428,0.817225,1.239930,0.924779
13.989,1.676557,0.791137,1.192303,0.873705
13.999,1.635939,0.779013,1.147951,0.866972
14.009,1.688286,0.810971,1.211909,0.850830
14.019,1.743076,0.799406,1.224596,0.948487
14.029,1.660110,0.798863,1.205510,0.815187
14.039,1.654170,0.792468,1.203082,0.812937
14.049,1.561512,0.774973,1.132530,0.745059
14.059,1.540208,0.742948,1.116220,0.757841
14.069,1.520422,0.762899,1.089642,0.736445
14.079,1.559888,0.771053,1.142271,0.730716
14.089,1.624436,0.778711,1.217689,0.741373
14.099,1.625111,0.779487,1.223460,0.732484
14.109,1.547035,0.720776,1.144281,0.751280
14.119,1.563139,0.770954,1.142002,0.738150
14.129,1.559842,0.788564,1.137318,0.719570
14.139,1.681785,0.779331,1.301375,0.726271
14.149,1.689792,0.729427,1.333770,0.737829
14.159,1.641142,0.719892,1.259421,0.767438
14.169,1.551690,0.634338,1.182438,0.779228
14.179,1.576122,0.684936,1.180895,0.787726
14.189,1.563404,0.707545,1.158212,0.775987
14.199,1.599233,0.710811,1.198934,0.784125
14.209,1.571392,0.688425,1.182147,0.773222
14.219,1.519993,0.700472,1.157258,0.693162
14.229,1.520426,0.659957,1.153606,0.738476
14.239,1.624900,0.691743,1.262297,0.753921
14.249,1.638385,0.716012,1.245963,0.786897
14.259,1.651514,0.713250,1.277866,0.765397
14.269,1.667671,0.694228,1.302564,0.776210
14.279,1.659035,0.719623,1.269407,0.789395
14.289,1.585999,0.666751,1.212870,0.774455
14.299,1.670505,0.717776,1.296300,0.771357
14.309,1.669592,0.739667,1.297907,0.745565
14.319,1.711326,0.698175,1.296845,0.871425
14.329,1.701056,0.696910,1.285121,0.869697
14.339,1.677941,0.706919,1.237266,0.885960
14.349,1.675952,0.688905,1.240011,0.892523
14.359,1.654545,0.710395,1.214526,0.870507
14.369,1.652912,0.713027,1.222715,0.853627
14.379,1.629833,0.685119,1.228244,0.823640
14.389,1.662625,0.681561,1.267960,0.831910
14.399,1.684527,0.708216,1.298635,0.805982
14.409,1.708550,0.684980,1.320412,0.840510
14.419,1.716176,0.684996,1.311213,0.869921
14.429,1.802356,0.716350,1.435561,0.821278
14.439,1.834472,0.705671,1.436439,0.896636
14.449,1.807882,0.687941,1.415150,0.890239
14.459,1.787846,0.678905,1.392713,0.892094
14.469,1.793152,0.711697,1.370832,0.910879
14.479,1.823296,0.688398,1.410236,0.928306
14.489,1.857450,0.715738,1.445058,0.921762
14.499,1.792177,0.669037,1.382321,0.923837
14.509,1.814522,0.690777,1.357932,0.985565
14.519,1.855826,0.682244,1.446664,0.941169
14.529,1.898408,0.717684,1.461506,0.976157
14.539,1.829005,0.707262,1.385755,0.961625
14.549,1.810357,0.696993,1.382006,0.938964
14.559,1.814076,0.684702,1.391480,0.941189
14.569,1.868252,0.716304,1.446740,0.940328
14.579,1.891435,0.715054,1.477284,0.940136
14.589,1.929720,0.699257,1.495261,0.999526
14.599,1.926169,0.701095,1.460214,1.042290
14.609,1.955785,0.714821,1.468381,1.076097
14.619,1.957679,0.717386,1.499090,1.034696
14.629,1.873716,0.708109,1.394490,1.031887
14.639,1.797886,0.723470,1.333292,0.965049
14.649,1.792820,0.728707,1.332590,0.952571
14.659,1.849192,0.750817,1.393515,0.955981
14.669,1.873370,0.739149,1.431935,0.955372
14.679,1.867023,0.774016,1.400404,0.962051
14.689,1.831773,0.740818,1.366979,0.968479
14.699,1.954723,0.767843,1.508971,0.976916
14.709,1.913749,0.741983,1.514307,0.904859
14.719,1.828739,0.754071,1.433738,0.848562
14.729,1.783834,0.722045,1.418981,0.804491
14.739,1.918259,0.761753,1.565912,0.804593
14.749,1.898949,0.762197,1.543654,0.801370
14.759,1.940202,0.789967,1.541955,0.873333
14.769,2.051328,0.766300,1.683592,0.886705
14.779,2.080468,0.760226,1.663886,0.990902
14.789,2.006426,0.773845,1.601996,0.927641
14.799,1.988912,0.746092,1.626344,0.868403
14.809,1.983551,0.747858,1.617310,0.871488
14.819,1.946131,0.738631,1.571469,0.878827
14.829,1.968163,0.767622,1.556241,0.928729
14.839,2.036529,0.753663,1.635999,0.950237
14.849,2.072998,0.761030,1.679450,0.947419
14.859,2.098283,0.772039,1.631506,1.070018
14.869,2.151805,0.748750,1.689276,1.102716
14.879,2.211375,0.716875,1.784593,1.091557
14.889,2.205100,0.714564,1.779190,1.089197
14.899,2.128817,0.725161,1.685650,1.079162
14.909,2.168887,0.736433,1.738130,1.068007
14.919,2.218457,0.735366,1.758460,1.135168
14.929,2.224865,0.727760,1.765535,1.141611
14.939,2.247715,0.705564,1.796893,1.151338
14.949,2.277267,0.702655,1.774309,1.242596
14.959,2.258822,0.726590,1.777154,1.189987
14.969,2.286731,0.716482,1.747235,1.289559
14.979,2.250200,0.773427,1.725410,1.219906
14.989,2.253223,0.791014,1.727324,1.211472
14.999,2.242798,0.800269,1.712561,1.206999
15.009,2.207566,0.804971,1.693151,1.165593
15.019,2.252367,0.815701,1.736693,1.179698
15.029,2.309926,0.800532,1.840964,1.142698
15.039,2.338737,0.813627,1.833059,1.203161
15.049,2.313546,0.804325,1.798692,1.212545
15.059,2.241657,0.768454,1.789386,1.110227
15.069,2.277939,0.773711,1.836623,1.103265
15.079,2.201175,0.775412,1.754712,1.079302
15.089,2.215394,0.786104,1.755514,1.099173
15.099,2.270371,0.760806,1.828982,1.109318
15.109,2.236200,0.749006,1.793982,1.105084
15.119,2.268657,0.779356,1.776127,1.176767
15.129,2.395815,0.773820,1.895697,1.243971
15.139,2.309753,0.763799,1.772230,1.269162
15.149,2.264470,0.773707,1.771093,1.180014
15.159,2.266304,0.743994,1.790138,1.173888
15.169,2.139431,0.745950,1.696742,1.068545
15.179,2.138186,0.698375,1.715872,1.067657
15.189,2.192824,0.735182,1.714773,1.152188
15.199,2.284435,0.721909,1.790508,1.221299
15.209,2.297283,0.709623,1.804977,1.231262
15.219,2.248937,0.691937,1.755457,1.223645
15.229,2.199657,0.698532,1.670495,1.248994
15.239,2.156693,0.696375,1.672087,1.170688
15.249,2.161512,0.688803,1.683585,1.167572
15.259,2.161431,0.693201,1.681675,1.167573
15.269,2.102398,0.725174,1.621722,1.124375
15.279,2.184632,0.731137,1.677317,1.193592
15.289,2.208273,0.720972,1.702569,1.207447
15.299,2.135877,0.723294,1.618266,1.191650
15.309,2.254916,0.745319,1.720821,1.252167
15.319,2.167961,0.697922,1.726127,1.110607
15.329,2.032830,0.715763,1.590713,1.043894
15.339,2.078847,0.707957,1.668406,1.018245
15.349,2.109809,0.709041,1.706495,1.018052
15.359,2.119687,0.728652,1.679974,1.067625
15.369,2.130455,0.723258,1.681971,1.089362
15.379,2.166522,0.714220,1.719474,1.107753
15.389,2.120648,0.655705,1.719789,1.053340
15.399,2.121818,0.662065,1.731039,1.033095
15.409,2.107350,0.656329,1.722590,1.021196
15.419,2.105307,0.658547,1.726879,1.008228
15.429,2.097823,0.656641,1.738605,0.973107
15.439,2.144483,0.650530,1.796873,0.973069
15.449,2.201420,0.674590,1.783893,1.099501
15.459,2.258075,0.670411,1.845394,1.115336
15.469,2.244387,0.655451,1.836530,1.111222
15.479,2.234254,0.698560,1.788353,1.142672
15.489,2.287969,0.695082,1.849847,1.153138
15.499,2.286538,0.683591,1.836716,1.177894
15.509,2.166059,0.653628,1.736508,1.117641
15.519,2.174408,0.668894,1.737177,1.123765
15.529,2.183081,0.667574,1.752786,1.117107
15.539,2.178654,0.701552,1.706048,1.159205
15.549,2.209942,0.688585,1.752818,1.156427
15.559,2.271331,0.678522,1.836794,1.150974
15.569,2.241217,0.715680,1.797317,1.131596
15.579,2.240160,0.708500,1.805606,1.120771
15.589,2.300919,0.693693,1.857747,1.166959
15.599,2.217966,0.688300,1.783519,1.124578
15.609,2.272328,0.688534,1.850682,1.124443
15.619,2.290392,0.706593,1.862110,1.131004
15.629,2.287226,0.723757,1.837370,1.153971
15.639,2.210926,0.710669,1.746945,1.153831
15.649,2.220526,0.684167,1.803914,1.099338
15.659,2.169410,0.683987,1.744312,1.093561
15.669,2.207043,0.668393,1.786328,1.110549
15.679,2.162211,0.619190,1.804716,1.017233
15.689,2.074846,0.621953,1.721943,0.976255
15.699,2.090743,0.623448,1.758019,0.944398
15.709,2.167360,0.672982,1.830926,0.944592
15.719,2.206253,0.662856,1.827266,1.043684
15.729,2.198536,0.674273,1.813661,1.043815
15.739,2.257449,0.630851,1.873870,1.089364
15.749,2.208221,0.634660,1.809920,1.094367
15.759,2.136322,0.609991,1.741305,1.076867
15.769,2.153559,0.616764,1.764569,1.069447
15.779,2.140558,0.620972,1.736884,1.086102
15.789,2.048911,0.629458,1.670720,1.005243
15.799,2.236462,0.641656,1.867517,1.049962
15.809,2.179963,0.638302,1.783473,1.078903
15.819,2.212628,0.643582,1.826669,1.069956
15.829,2.264108,0.601385,1.872158,1.122296
15.839,2.247696,0.602300,1.851449,1.123168
15.849,2.197049,0.618329,1.836130,1.036012
15.859,2.244001,0.629345,1.889876,1.033361
15.869,2.193025,0.641712,1.790354,1.091877
15.879,2.232997,0.645581,1.835871,1.095025
15.890,2.273820,0.644622,1.851365,1.152028
15.899,2.229381,0.652404,1.793472,1.152374
15.912,2.209504,0.603747,1.746654,1.211031
15.919,2.205559,0.603469,1.803430,1.117121
15.929,2.222574,0.585201,1.794215,1.173955
15.940,2.147856,0.586878,1.743647,1.108402
15.949,2.185510,0.610097,1.770954,1.126035
15.959,2.200431,0.688532,1.766056,1.117527
15.969,2.332809,0.648170,1.923818,1.149260
15.980,2.300862,0.649480,1.894968,1.131917
15.989,2.298070,0.649850,1.895122,1.125759
15.999,2.193599,0.675715,1.776597,1.094984
16.009,2.257135,0.674038,1.807229,1.172287
16.019,2.224699,0.659865,1.752557,1.201002
16.029,2.236332,0.656962,1.748404,1.229904
16.039,2.276323,0.686912,1.784951,1.234403
16.049,2.263724,0.680146,1.751648,1.262370
16.059,2.234567,0.682465,1.713994,1.260855
16.069,2.235602,0.661945,1.762236,1.205932
16.079,2.211932,0.654699,1.708066,1.243593
16.089,2.187834,0.668800,1.699808,1.204149
16.099,2.290660,0.678107,1.830910,1.197942
16.109,2.248281,0.673523,1.816018,1.141584
16.119,2.222028,0.702951,1.758250,1.162682
16.129,2.277841,0.718133,1.847015,1.123112
16.139,2.287479,0.721485,1.822527,1.179159
16.149,2.261931,0.708635,1.806439,1.162303
16.159,2.316887,0.641927,1.878396,1.194790
16.169,2.178603,0.656463,1.717175,1.169050
16.179,2.212943,0.678700,1.713634,1.224721
16.189,2.287778,0.691301,1.801805,1.228629
16.199,2.259843,0.648724,1.763161,1.255911
16.209,2.230985,0.672231,1.721940,1.249128
16.219,2.272394,0.663614,1.744625,1.296022
16.229,2.249340,0.693081,1.774603,1.195806
16.239,2.214227,0.664254,1.734866,1.204910
16.249,2.207071,0.694567,1.735655,1.173132
16.259,2.270240,0.679161,1.791290,1.218200
16.269,2.280769,0.679399,1.740924,1.307481
16.279,2.263332,0.678077,1.740615,1.277945
16.289,2.302101,0.698112,1.716246,1.366312
16.299,2.285802,0.680745,1.705303,1.361403
16.309,2.278546,0.684446,1.698866,1.355419
16.319,2.277225,0.670013,1.712039,1.343785
16.329,2.189287,0.657043,1.597758,1.344783
16.339,2.130147,0.659842,1.527624,1.329848
16.349,2.137560,0.672111,1.534763,1.327378
16.359,2.159234,0.662996,1.504517,1.399698
16.369,2.157639,0.679865,1.492506,1.402003
16.379,2.122027,0.673587,1.533760,1.302635
16.389,2.084249,0.665182,1.440721,1.351277
16.399,2.040609,0.667245,1.377483,1.349596
16.409,2.050578,0.659560,1.387370,1.358328
16.419,1.966604,0.651686,1.369949,1.251430
16.429,1.935511,0.658133,1.299678,1.274323
16.439,1.925109,0.658468,1.329843,1.226370
16.449,1.871475,0.622743,1.329104,1.161074
16.459,1.814391,0.637310,1.205875,1.196544
16.469,1.822574,0.657915,1.224156,1.179138
16.479,1.784700,0.689293,1.187432,1.140191
16.489,1.817483,0.685931,1.282962,1.089381
16.499,1.724019,0.680357,1.097285,1.142507
16.509,1.701414,0.673472,1.097198,1.112385
16.519,1.672841,0.663936,1.062190,1.108756
16.529,1.761447,0.663242,1.184835,1.122038
16.539,1.828777,0.704800,1.256731,1.126192
16.549,1.832656,0.683530,1.260634,1.141147
16.559,1.732990,0.726316,1.167305,1.055044
16.569,1.758298,0.698035,1.211189,1.066480
16.579,1.753617,0.719069,1.183529,1.075810
16.589,1.756065,0.718861,1.212728,1.047041
16.599,1.773240,0.753265,1.214849,1.049339
16.609,1.833913,0.734297,1.266092,1.105015
16.619,1.883021,0.761663,1.362660,1.052993
16.629,1.855160,0.714426,1.323905,1.085582
16.639,1.849426,0.739913,1.290142,1.099290
16.649,1.907704,0.747459,1.332479,1.142427
16.659,1.979069,0.787731,1.394277,1.162834
16.669,2.007406,0.807087,1.393577,1.198429
16.679,2.065372,0.810016,1.469126,1.204701
16.689,2.097829,0.769400,1.459044,1.296186
16.699,2.022022,0.784070,1.444978,1.177220
16.709,2.081092,0.833522,1.438038,1.252290
16.719,2.191534,0.828379,1.562703,1.294051
16.729,2.167591,0.823937,1.536800,1.287566
16.739,2.108564,0.789384,1.469353,1.289930
16.749,2.228521,0.817660,1.622564,1.290358
16.759,2.263750,0.803502,1.635152,1.343587
16.769,2.216301,0.795443,1.612218,1.296152
16.779,2.176841,0.772140,1.562636,1.304073
16.789,2.231039,0.794010,1.673602,1.243440
16.799,2.247154,0.755742,1.707095,1.250753
16.809,2.202282,0.786854,1.661120,1.213090
16.819,2.252762,0.760267,1.704515,1.261570
16.829,2.281456,0.779937,1.725140,1.273040
16.839,2.292272,0.791934,1.725701,1.284253
16.849,2.359542,0.809691,1.855936,1.211338
16.859,2.325679,0.753997,1.813094,1.246179
16.869,2.336808,0.747809,1.884424,1.162067
16.879,2.366062,0.726422,1.884734,1.232209
16.889,2.327977,0.733812,1.841840,1.220090
16.899,2.382770,0.709784,1.918447,1.222032
16.909,2.399564,0.693137,1.957003,1.203166
16.919,2.326812,0.759966,1.878793,1.143086
16.929,2.429072,0.780794,1.995287,1.144370
16.939,2.482357,0.782382,2.007536,1.232791
16.949,2.418028,0.808424,1.914086,1.236764
16.959,2.593142,0.791027,2.061836,1.359227
16.969,2.591577,0.795313,2.053662,1.366098
16.979,2.627158,0.836703,2.081923,1.366558
16.989,2.564848,0.826682,2.013875,1.356226
16.999,2.562566,0.826418,2.014339,1.351375
17.009,2.575975,0.827418,2.057665,1.310359
17.019,2.657182,0.826893,2.139007,1.342204
17.029,2.661111,0.850861,2.114322,1.373750
17.039,2.721044,0.839054,2.168712,1.413068
17.049,2.620862,0.800491,2.052259,1.419988
17.059,2.561555,0.818218,2.037771,1.318928
17.069,2.507880,0.839482,1.960936,1.318886
17.079,2.548886,0.839423,2.029072,1.294239
17.089,2.575645,0.825092,2.040259,1.338101
17.099,2.547556,0.864873,2.009564,1.305254
17.109,2.621165,0.810565,2.060804,1.402347
17.119,2.549719,0.768712,2.056133,1.297099
17.129,2.433960,0.782664,1.910475,1.289063
17.139,2.501309,0.785163,2.016818,1.253998
17.149,2.468260,0.713027,2.015106,1.234198
17.159,2.372395,0.707603,1.998297,1.065066
17.169,2.459865,0.749744,2.087269,1.064014
17.179,2.469214,0.730065,2.103415,1.067552
17.189,2.458457,0.728369,2.074631,1.099726
17.199,2.382536,0.721955,2.029660,1.017713
17.209,2.365071,0.662258,1.999988,1.074721
17.219,2.175851,0.641409,1.787799,1.061460
17.229,2.194153,0.625434,1.784502,1.112965
17.239,2.128145,0.618344,1.736830,1.063048
17.249,2.229684,0.638685,1.702442,1.290452
17.259,2.224529,0.627423,1.703094,1.286211
17.269,2.222501,0.569948,1.716923,1.291063
17.279,2.120544,0.562327,1.556179,1.326197
17.289,2.100845,0.574744,1.531161,1.318623
17.299,2.199037,0.732064,1.521934,1.408390
17.309,11.297704,6.260349,1.690328,9.251429
17.319,11.614271,6.574881,1.792398,9.404761
17.329,11.606658,6.535401,1.911054,9.399517
17.339,11.785258,6.887229,1.702079,9.410701
17.349,11.973637,7.091547,1.753115,9.487072
17.359,12.019466,7.087299,1.678169,9.561460
17.369,12.033570,7.086798,1.574794,9.597090
17.379,12.039525,7.087974,1.557358,9.606530
17.389,12.077078,7.092434,1.579597,9.646661
17.399,12.153625,7.084670,1.583667,9.747310
17.409,12.258480,7.086625,1.772781,9.844152
17.419,12.370859,7.132688,2.110938,9.884678
17.429,12.430109,7.230518,2.111132,9.887889
17.439,12.441744,7.241456,2.109354,9.894894
17.449,12.407605,7.239926,2.131510,9.848289
17.459,12.435805,7.232324,2.260904,9.860581
17.469,12.467900,7.228879,2.284323,9.898166
17.479,12.572888,7.329908,2.281762,9.957084
17.489,12.848704,7.395832,2.543461,10.194197
17.499,12.867761,7.412901,2.587115,10.194852
17.509,6.678080,4.277230,2.402432,4.531046
17.519,5.928922,3.681715,2.399246,3.980039
17.529,5.968870,3.732573,2.451766,3.960322
17.539,5.760139,3.314384,2.451353,4.023049
17.549,5.572990,3.008678,2.454483,3.997698
17.559,5.567088,3.034039,2.445365,3.975835
17.569,6.091386,3.085209,2.560628,4.585809
17.579,6.371227,3.158591,2.708050,4.825174
17.589,6.456237,3.161700,2.871364,4.841686
17.599,6.436937,3.190417,2.893849,4.783412
17.609,6.406655,3.223674,2.783299,4.786064
17.619,6.402241,3.227867,2.804364,4.764987
17.629,6.500724,3.325933,2.923269,4.759421
17.639,6.597075,3.386245,3.071503,4.756113
17.649,6.740304,3.398910,3.332729,4.772004
17.659,6.807458,3.510251,3.364896,4.764147
17.669,6.817529,3.528640,3.348925,4.776201
17.679,6.539320,3.234084,3.379948,4.569394
17.689,5.767939,2.943886,3.176693,3.809367
17.699,5.831431,3.003497,3.243749,3.802985
17.709,5.854909,2.953886,3.246144,3.875185
17.719,6.070566,2.946722,3.592476,3.906752
17.729,5.906067,2.875652,3.459279,3.826962
17.739,5.832840,2.837292,3.472201,3.730364
17.749,5.870447,2.833673,3.514631,3.752308
17.759,6.230426,3.239011,3.670092,3.854536
17.769,5.917872,3.195953,3.668473,3.368888
17.779,6.315157,3.246082,4.340615,3.240868
17.789,6.313509,3.441343,4.199003,3.222720
17.799,6.281124,3.373403,4.239534,3.177896
17.809,6.295356,3.593500,4.236687,2.961209
17.819,6.517361,3.853722,4.247173,3.096182
17.829,6.917230,3.895325,4.719563,3.224939
17.839,7.063077,4.104126,4.628744,3.408509
17.849,7.045381,4.077038,4.497424,3.576077
17.859,7.163774,4.380497,4.428550,3.538198
17.869,7.399307,4.366335,4.555696,3.863999
17.879,7.586749,4.627493,4.604010,3.866286
17.889,7.654474,4.654635,4.629164,3.936519
17.899,7.678868,4.557109,4.601562,4.125942
17.909,7.778635,4.712604,4.589064,4.151988
17.919,7.814537,4.879141,4.489462,4.135905
17.929,7.843763,4.848237,4.497480,4.218042
17.939,7.854207,4.856642,4.532198,4.190559
17.949,8.116354,5.157723,4.636933,4.215678
17.959,8.046598,5.039507,4.728288,4.122425
17.969,7.999625,5.105745,4.669515,4.015096
17.979,7.566467,5.002672,4.068065,3.959236
17.989,7.710552,5.062568,4.301760,3.913807
17.999,8.052949,5.054711,4.663284,4.189708
18.009,8.145391,5.116347,4.666243,4.289122
18.019,7.894161,4.895094,4.599224,4.147647
18.029,7.587235,4.951644,4.118406,4.010747
18.039,7.368650,4.687844,4.160217,3.874754
18.049,7.657406,5.147310,4.313486,3.678980
18.059,7.577868,4.787520,4.416550,3.872702
18.069,7.467340,4.862540,4.496074,3.449956
18.079,7.552892,4.658307,4.583297,3.786785
18.089,7.477189,4.654669,4.574674,3.648940
18.099,7.376568,4.623024,4.610464,3.432932
18.109,7.479806,4.670619,4.785921,3.350788
18.119,7.451267,4.446421,5.000832,3.277560
18.129,7.445220,4.534546,4.994608,3.150093
18.139,7.626151,4.540967,4.994295,3.548917
18.149,7.485637,4.402370,4.909598,3.542564
18.159,7.463398,4.361258,4.803523,3.688890
18.169,7.447540,4.228436,4.759364,3.864534
18.179,7.378428,4.234719,4.726310,3.764353
18.189,7.143542,3.939766,4.504852,3.900609
18.199,6.726038,3.939662,4.111619,3.579559
18.209,6.485465,3.679951,4.077910,3.448169
18.219,6.440049,3.681775,4.001887,3.450169
18.229,6.263303,3.436335,3.948306,3.439687
18.239,6.226728,3.410025,3.913178,3.439610
18.249,5.683667,2.712766,3.636555,3.423512
18.259,5.444107,2.674579,3.483192,3.217500
18.269,5.158941,2.479741,3.220005,3.177598
18.279,4.788083,2.447010,3.010645,2.806047
18.289,4.711130,2.379636,2.957473,2.790239
18.299,4.638384,2.377254,2.855968,2.776098
18.309,4.233168,1.974806,2.521843,2.767699
18.319,3.700965,1.947226,1.632950,2.690525
18.329,3.570764,1.686564,1.632983,2.690581
18.339,3.084192,1.629286,1.522630,2.130554
18.349,2.574452,0.922563,1.351755,1.987320
18.359,2.050052,0.633569,0.973130,1.689473
18.369,1.688368,0.597157,0.968865,1.247113
18.379,1.513323,0.517350,0.738801,1.215182
18.389,0.948785,0.512453,0.595412,0.532042
18.399,0.850399,0.498644,0.577804,0.375067
18.409,0.752281,0.492956,0.486175,0.294200
18.419,0.687561,0.459183,0.444307,0.253934
18.429,0.642148,0.411756,0.422712,0.253230
18.440,0.612821,0.395824,0.393208,0.253496
18.449,0.511523,0.389788,0.269504,0.192582
18.459,0.441335,0.382162,0.167542,0.143729
18.469,0.377241,0.335933,0.107194,0.134049
18.479,0.287854,0.251400,0.103434,0.094655
18.489,0.231408,0.191556,0.089330,0.094213
18.499,0.213404,0.171478,0.087897,0.091710
18.509,0.188402,0.156747,0.066953,0.080268
18.519,0.119685,0.082359,0.065573,0.056936
18.529,0.096461,0.045830,0.061109,0.058907
18.539,0.088837,0.039223,0.052026,0.060390
18.549,0.075157,0.038632,0.043212,0.047842
18.559,0.068640,0.038307,0.040264,0.040284
18.569,0.066555,0.038433,0.040835,0.035846
18.579,0.066197,0.039796,0.039632,0.035039
18.589,0.063991,0.038341,0.039714,0.032366
18.599,0.059513,0.032248,0.037251,0.033381
18.609,0.057624,0.031372,0.034962,0.033376
18.619,0.057495,0.031511,0.034662,0.033337
18.629,0.058433,0.031686,0.036805,0.032493
18.639,0.056752,0.030252,0.036503,0.031194
18.649,0.057208,0.030908,0.037483,0.030207
18.659,0.057305,0.031284,0.037484,0.030001
18.669,0.055480,0.029670,0.036448,0.029482
18.679,0.053217,0.026515,0.037218,0.027274
18.689,0.053785,0.027836,0.037061,0.027284
18.701,0.052526,0.027687,0.035346,0.027259
18.710,0.048063,0.026634,0.030839,0.025488
18.720,0.047790,0.025931,0.030953,0.025562
18.730,0.045410,0.025761,0.030777,0.021242
18.740,0.041795,0.025736,0.028385,0.016697
18.750,0.041275,0.025157,0.028354,0.016334
18.762,0.040973,0.024849,0.027970,0.016703
18.770,0.041881,0.025053,0.028989,0.016913
18.779,0.039977,0.022653,0.029055,0.015517
18.789,0.040139,0.022554,0.029264,0.015688
18.799,0.039498,0.021771,0.030146,0.013317
18.810,0.038044,0.020148,0.030077,0.011694
18.820,0.036701,0.020047,0.028264,0.012094
18.829,0.035727,0.019919,0.026950,0.012382
18.839,0.035456,0.019754,0.026802,0.012188
18.850,0.033885,0.018802,0.025413,0.012202
18.859,0.033967,0.018437,0.025455,0.012878
18.869,0.033439,0.017949,0.025363,0.012357
18.879,0.032064,0.017936,0.023155,0.013049
18.889,0.031898,0.015776,0.023324,0.014987
18.899,0.031902,0.015469,0.023364,0.015250
18.909,0.030792,0.015414,0.021916,0.015175
18.919,0.030096,0.015286,0.021298,0.014781
18.929,0.029123,0.013142,0.021887,0.014014
18.939,0.029858,0.012809,0.023435,0.013351
18.949,0.029527,0.012801,0.022891,0.013564
18.959,0.028379,0.011535,0.022407,0.013047
18.969,0.025012,0.010367,0.018754,0.012900
18.979,0.024197,0.010169,0.017769,0.012897
18.989,0.024062,0.010309,0.017713,0.012608
18.999,0.023957,0.010863,0.017153,0.012717
19.009,0.023876,0.010865,0.016739,0.013108
19.019,0.022703,0.008986,0.016451,0.012808
19.029,0.021964,0.009630,0.015337,0.012427
19.039,0.022272,0.009292,0.015570,0.012934
19.049,0.022280,0.009302,0.015641,0.012855
19.059,0.021555,0.008497,0.015328,0.012549
19.069,0.020878,0.008654,0.014332,0.012474
19.079,0.019582,0.008748,0.013014,0.011730
19.089,0.017249,0.009151,0.011535,0.008984
19.100,0.017410,0.009301,0.011814,0.008777
19.109,0.017077,0.008952,0.011698,0.008640
19.119,0.017189,0.009393,0.011777,0.008279
19.129,0.017291,0.009137,0.011676,0.008897
19.139,0.016477,0.009395,0.010273,0.008815
19.149,0.016175,0.009399,0.009198,0.009417
19.159,0.016106,0.009044,0.008736,0.010064
19.169,0.017492,0.011398,0.008880,0.009860
19.179,0.017530,0.011435,0.008873,0.009890
19.189,0.017249,0.011379,0.008731,0.009581
19.199,0.016954,0.011106,0.008708,0.009395
19.209,0.016615,0.011116,0.008587,0.008874
19.219,0.016633,0.011074,0.008517,0.009027
19.229,0.016431,0.010611,0.008675,0.009063
19.239,0.015788,0.010550,0.008534,0.008069
19.249,0.015817,0.010806,0.008254,0.008079
19.260,0.015323,0.010477,0.008218,0.007583
19.269,0.014910,0.010169,0.007738,0.007683
19.279,0.014867,0.010127,0.007783,0.007610
19.289,0.014799,0.009951,0.007888,0.007601
19.299,0.014364,0.009772,0.007368,0.007519
19.309,0.014404,0.009690,0.007522,0.007550
19.319,0.014127,0.009372,0.007347,0.007600
19.329,0.013668,0.009387,0.007170,0.006876
19.339,0.013107,0.009167,0.006353,0.006885
19.350,0.013552,0.010188,0.006490,0.006144
19.359,0.013006,0.010165,0.006172,0.005266
