time_seconds,total,rms_x,rms_y,rms_z,baseline_total,baseline_x,baseline_y,baseline_z,d2,ewma_d2,p_fault,decision
0.501,0.344841,0.006036,0.009241,0.344664,0.709714,0.204291,0.484018,0.422750,58.0315,5.8032,0.7857,FAULT
0.511,0.344841,0.005821,0.009242,0.344668,0.679028,0.187600,0.444089,0.416183,48.3490,10.0577,0.9605,FAULT
0.521,0.344825,0.005863,0.009288,0.344650,0.652960,0.173424,0.410174,0.410604,40.7974,13.1317,0.9894,FAULT
0.531,0.344827,0.005796,0.009294,0.344653,0.630532,0.161223,0.380995,0.405803,34.8890,15.3074,0.9959,FAULT
0.541,0.344853,0.005811,0.009282,0.344679,0.611025,0.150611,0.355613,0.401630,30.1456,16.7913,0.9979,FAULT
0.551,0.344875,0.005780,0.009151,0.344705,0.593897,0.141290,0.333316,0.397966,26.3334,17.7455,0.9986,FAULT
0.561,0.344833,0.005736,0.009183,0.344663,0.578727,0.133034,0.313575,0.394720,23.1303,18.2839,0.9989,FAULT
0.571,0.344849,0.005803,0.009190,0.344677,0.565196,0.125673,0.295965,0.391825,20.4536,18.5009,0.9990,FAULT
0.581,0.344842,0.005949,0.009191,0.344668,0.553047,0.119072,0.280153,0.389225,18.1846,18.4693,0.9990,FAULT
0.591,0.344849,0.005905,0.009296,0.344673,0.542074,0.113108,0.265878,0.386877,16.2547,18.2478,0.9989,FAULT
0.601,0.344857,0.005878,0.009317,0.344681,0.532111,0.107691,0.252918,0.384745,14.6190,17.8849,0.9987,FAULT
0.611,0.344831,0.005862,0.009330,0.344655,0.523021,0.102748,0.241094,0.382799,13.2033,17.4168,0.9984,FAULT
0.621,0.344809,0.005867,0.009454,0.344630,0.514690,0.098219,0.230265,0.381015,11.9435,16.8694,0.9980,FAULT
0.631,0.344826,0.005734,0.009388,0.344650,0.507026,0.094047,0.220300,0.379374,10.9034,16.2728,0.9973,FAULT
0.641,0.344819,0.006175,0.009385,0.344636,0.499950,0.090213,0.211099,0.377859,9.9077,15.6363,0.9965,FAULT
0.651,0.344832,0.006162,0.009398,0.344649,0.493394,0.086661,0.202575,0.376455,9.0748,14.9802,0.9953,FAULT
0.661,0.344791,0.006189,0.009388,0.344608,0.487301,0.083361,0.194653,0.375149,8.3312,14.3153,0.9936,FAULT
0.671,0.344839,0.006281,0.009312,0.344656,0.481623,0.080289,0.187266,0.373934,7.6796,13.6517,0.9915,FAULT
0.681,0.344848,0.006287,0.009267,0.344666,0.476318,0.077419,0.180362,0.372799,7.0958,12.9961,0.9887,FAULT
0.691,0.344867,0.006187,0.009270,0.344687,0.471349,0.074726,0.173894,0.371736,6.5726,12.3538,0.9851,FAULT
0.701,0.344893,0.006181,0.009274,0.344713,0.466684,0.072198,0.167821,0.370739,6.0922,11.7276,0.9805,FAULT
0.711,0.344893,0.006044,0.009253,0.344715,0.462294,0.069813,0.162106,0.369801,5.6711,11.1220,0.9748,FAULT
0.721,0.010183,0.006022,0.006233,0.005347,0.446355,0.067564,0.156611,0.356953,18.1895,11.8287,0.9813,FAULT
0.731,0.010362,0.005911,0.006521,0.005467,0.431305,0.065436,0.151430,0.344819,16.9607,12.3419,0.9850,FAULT
0.741,0.010349,0.005975,0.006435,0.005476,0.417062,0.063424,0.146524,0.333338,15.8136,12.6891,0.9871,FAULT
0.751,0.010305,0.005980,0.006372,0.005462,0.403560,0.061517,0.141872,0.322454,14.7693,12.8971,0.9882,FAULT
0.761,0.010304,0.005988,0.006355,0.005471,0.390741,0.059707,0.137454,0.312121,13.8125,12.9886,0.9887,FAULT
0.771,0.010167,0.005973,0.006173,0.005439,0.378548,0.057986,0.133249,0.302296,12.9301,12.9828,0.9886,FAULT
0.781,0.010142,0.005950,0.006148,0.005447,0.366940,0.056346,0.129243,0.292942,12.1224,12.8967,0.9882,FAULT
0.791,0.010009,0.005719,0.006144,0.005451,0.355868,0.054776,0.125425,0.284025,11.3922,12.7463,0.9874,FAULT
0.801,0.010092,0.005851,0.006142,0.005466,0.345303,0.053281,0.121780,0.275513,10.6927,12.5409,0.9862,FAULT
0.811,0.010050,0.005796,0.006279,0.005290,0.335205,0.051851,0.118301,0.267374,10.0607,12.2929,0.9847,FAULT
0.821,0.010101,0.005812,0.006317,0.005324,0.325546,0.050483,0.114974,0.259589,9.4677,12.0104,0.9827,FAULT
0.831,0.010001,0.005712,0.006320,0.005240,0.316293,0.049170,0.111788,0.252130,8.9231,11.7017,0.9803,FAULT
0.841,0.010172,0.005731,0.006472,0.005362,0.307428,0.047912,0.108738,0.244984,8.4125,11.3727,0.9773,FAULT
0.852,0.010487,0.006017,0.006479,0.005640,0.298930,0.046713,0.105812,0.238134,7.9189,11.0274,0.9737,FAULT
0.861,0.010530,0.006029,0.006506,0.005675,0.290770,0.045562,0.103002,0.231557,7.4745,10.6721,0.9695,FAULT
0.871,0.010795,0.006408,0.006489,0.005776,0.282934,0.044466,0.100301,0.225238,7.0382,10.3087,0.9645,FAULT
0.882,0.010674,0.006444,0.006232,0.005794,0.275393,0.043413,0.097695,0.219160,6.6436,9.9422,0.9586,FAULT
0.891,0.010617,0.006364,0.006229,0.005781,0.268131,0.042397,0.095187,0.213308,6.2868,9.5766,0.9518,FAULT
0.901,0.010663,0.006379,0.006299,0.005774,0.261137,0.041418,0.092772,0.207670,5.9491,9.2139,0.9440,FAULT
0.911,0.011175,0.006757,0.006393,0.006193,0.254407,0.040485,0.090447,0.202246,5.6130,8.8538,0.9351,FAULT
0.921,0.011146,0.006572,0.006442,0.006289,0.247915,0.039580,0.088204,0.197016,5.3261,8.5010,0.9251,FAULT
0.931,0.011227,0.006684,0.006466,0.006289,0.241650,0.038709,0.086041,0.191967,5.0419,8.1551,0.9139,FAULT
0.941,0.011044,0.006549,0.006451,0.006121,0.235594,0.037865,0.083951,0.187086,4.7862,7.8182,0.9015,FAULT
0.951,0.011018,0.006563,0.006412,0.006100,0.229740,0.037049,0.081930,0.182369,4.5376,7.4902,0.8879,FAULT
0.961,0.011005,0.006559,0.006325,0.006171,0.224080,0.036260,0.079973,0.177810,4.3031,7.1715,0.8729,FAULT
0.971,0.010922,0.006547,0.006132,0.006231,0.218602,0.035496,0.078076,0.173400,4.0800,6.8623,0.8567,FAULT
0.981,0.010767,0.006352,0.006061,0.006232,0.213296,0.034752,0.076237,0.169132,3.8804,6.5641,0.8392,FAULT
0.991,0.011020,0.006470,0.006135,0.006476,0.208164,0.034035,0.074459,0.165006,3.6805,6.2758,0.8205,FAULT
1.001,0.010905,0.006466,0.006009,0.006403,0.203190,0.033339,0.072732,0.161006,3.4946,5.9976,0.8007,FAULT
1.011,0.011051,0.006710,0.005997,0.006413,0.198372,0.032672,0.071059,0.157130,3.3110,5.7290,0.7797,FAULT
1.021,0.010921,0.006643,0.005845,0.006401,0.193698,0.032023,0.069433,0.153372,3.1468,5.4708,0.7577,FAULT
1.031,0.011039,0.006733,0.005920,0.006440,0.189168,0.031395,0.067858,0.149727,2.9902,5.2227,0.7348,FAULT
1.041,0.011145,0.006797,0.005937,0.006539,0.184774,0.030788,0.066330,0.146193,2.8414,4.9846,0.7111,FAULT
1.047,0.011238,0.006836,0.006028,0.006575,0.180512,0.030200,0.064848,0.142764,2.7035,4.7565,0.6868,FAULT
1.060,0.011112,0.006835,0.005977,0.006407,0.176370,0.029629,0.063409,0.139430,2.5725,4.5381,0.6619,FAULT
1.070,0.011102,0.006791,0.006005,0.006410,0.172347,0.029073,0.062012,0.136192,2.4506,4.3293,0.6367,FAULT
1.080,0.011077,0.006642,0.006069,0.006461,0.168438,0.028529,0.060656,0.133048,2.3390,4.1303,0.6113,FAULT
1.090,0.011120,0.006668,0.006107,0.006474,0.164640,0.028001,0.059339,0.129992,2.2270,3.9400,0.5858,FAULT
1.100,0.011248,0.006667,0.006380,0.006431,0.160951,0.027488,0.058065,0.127021,2.1258,3.7585,0.5603,FAULT
1.110,0.011190,0.006591,0.006405,0.006384,0.157363,0.026988,0.056827,0.124130,2.0278,3.5855,0.5350,FAULT
1.120,0.011063,0.006605,0.006215,0.006336,0.153870,0.026501,0.055619,0.121317,1.9289,3.4198,0.5098,FAULT
1.130,0.011004,0.006608,0.006204,0.006239,0.150470,0.026028,0.054443,0.118579,1.8381,3.2616,0.4850,NORMAL
1.140,0.010810,0.006396,0.006204,0.006121,0.147157,0.025562,0.053299,0.115911,1.7583,3.1113,0.4606,NORMAL
1.150,0.010930,0.006504,0.006286,0.006137,0.143936,0.025111,0.052187,0.113315,1.6740,2.9676,0.4367,NORMAL
1.160,0.010919,0.006417,0.006286,0.006209,0.140799,0.024670,0.051105,0.110790,1.5981,2.8306,0.4134,NORMAL
1.170,0.010777,0.006270,0.006326,0.006068,0.137742,0.024238,0.050052,0.108328,1.5284,2.7004,0.3909,NORMAL
1.180,0.010762,0.006269,0.006285,0.006085,0.134765,0.023816,0.049026,0.105930,1.4570,2.5761,0.3689,NORMAL
1.190,0.010680,0.006292,0.006266,0.005934,0.131863,0.023407,0.048026,0.103591,1.3891,2.4574,0.3477,NORMAL
1.200,0.010677,0.006353,0.006238,0.005893,0.129035,0.023009,0.047051,0.101312,1.3232,2.3440,0.3272,NORMAL
1.210,0.010670,0.006344,0.006215,0.005913,0.126280,0.022621,0.046100,0.099091,1.2622,2.2358,0.3075,NORMAL
1.220,0.010773,0.006350,0.006413,0.005883,0.123597,0.022243,0.045178,0.096927,1.2062,2.1328,0.2887,NORMAL
1.230,0.010510,0.006313,0.006113,0.005765,0.120976,0.021874,0.044273,0.094814,1.1488,2.0344,0.2706,NORMAL
1.240,0.010478,0.006265,0.006115,0.005756,0.118421,0.021513,0.043390,0.092754,1.0974,1.9407,0.2533,NORMAL
1.250,0.010482,0.006268,0.006039,0.005841,0.115929,0.021161,0.042528,0.090748,1.0463,1.8513,0.2369,NORMAL
1.260,0.010605,0.006416,0.006096,0.005843,0.113503,0.020821,0.041689,0.088792,0.9959,1.7657,0.2213,NORMAL
1.270,0.010643,0.006437,0.006137,0.005847,0.111137,0.020490,0.040871,0.086885,0.9505,1.6842,0.2064,NORMAL
1.280,0.010830,0.006462,0.006214,0.006077,0.108835,0.020168,0.040076,0.085029,0.9072,1.6065,0.1924,NORMAL
1.290,0.010834,0.006435,0.006234,0.006091,0.106588,0.019854,0.039300,0.083220,0.8667,1.5325,0.1791,NORMAL
1.301,0.010712,0.006329,0.006139,0.006082,0.104394,0.019544,0.038541,0.081455,0.8287,1.4621,0.1667,NORMAL
1.310,0.010703,0.006426,0.005983,0.006122,0.102253,0.019244,0.037797,0.079734,0.7877,1.3947,0.1549,NORMAL
1.320,0.010681,0.006454,0.005970,0.006065,0.100164,0.018952,0.037071,0.078053,0.7516,1.3304,0.1438,NORMAL
1.330,0.010720,0.006459,0.005989,0.006109,0.098126,0.018668,0.036363,0.076413,0.7177,1.2691,0.1334,NORMAL
1.340,0.010650,0.006404,0.005934,0.006098,0.096135,0.018389,0.035670,0.074813,0.6859,1.2108,0.1237,NORMAL
1.350,0.010666,0.006201,0.006287,0.005981,0.094193,0.018112,0.035003,0.073249,0.6619,1.1559,0.1147,NORMAL
1.360,0.010653,0.006231,0.006289,0.005926,0.092297,0.017842,0.034351,0.071721,0.6318,1.1035,0.1063,NORMAL
